Date,Actual_Price,Predicted
2016-06-06,22.571720123291016,22.788239
2016-06-07,22.663265228271484,22.855927
2016-06-08,22.642669677734375,22.9457
2016-06-09,22.805152893066406,22.977365
2016-06-10,22.61748504638672,23.076778
2016-06-13,22.276500701904297,23.024837
2016-06-14,22.30396270751953,22.80506
2016-06-15,22.23072624206543,22.70748
2016-06-16,22.324560165405273,22.630375
2016-06-17,21.816505432128906,22.647144
2016-06-20,21.763874053955078,22.383877
2016-06-21,21.94924545288086,22.215021
2016-06-22,21.866853713989258,22.24396
2016-06-23,21.992721557617188,22.225119
2016-06-24,21.37482452392578,22.281715
2016-06-27,21.063583374023438,21.975712
2016-06-28,21.418302536010742,21.640688
2016-06-29,21.603673934936523,21.677046
2016-06-30,21.878292083740234,21.818953
2016-07-01,21.94466781616211,22.040981
2016-07-05,21.73869514465332,22.184902
2016-07-06,21.862276077270508,22.133984
2016-07-07,21.956106185913086,22.165142
2016-07-08,22.125459671020508,22.23616
2016-07-11,22.194116592407227,22.364069
2016-07-12,22.294815063476562,22.464489
2016-07-13,22.168941497802734,22.564177
2016-07-14,22.60833740234375,22.54174
2016-07-15,22.60605239868164,22.763159
2016-07-18,22.846343994140625,22.880371
2016-07-19,22.85549545288086,23.059004
2016-07-20,22.876096725463867,23.150806
2016-07-21,22.754806518554688,23.199068
2016-07-22,22.578584671020508,23.152657
2016-07-25,22.276500701904297,23.029163
2016-07-26,22.123167037963867,22.802488
2016-07-27,23.560365676879883,22.60741
2016-07-28,23.87846565246582,23.3029
2016-07-29,23.848718643188477,23.85599
2016-08-01,24.269811630249023,24.086294
2016-08-02,23.91050910949707,24.401571
2016-08-03,24.21030616760254,24.35735
2016-08-04,24.359861373901367,24.477491
2016-08-05,24.730314254760742,24.62581
2016-08-08,24.935096740722656,24.898703
2016-08-09,25.036333084106445,25.145052
2016-08-10,24.849964141845703,25.31281
2016-08-11,24.83385467529297,25.284004
2016-08-12,24.89137840270996,25.249493
2016-08-15,25.19050407409668,25.26488
2016-08-16,25.1674861907959,25.438644
2016-08-17,25.130674362182617,25.516941
2016-08-18,25.098464965820312,25.527023
2016-08-19,25.162883758544922,25.509819
2016-08-22,24.967309951782227,25.535368
2016-08-23,25.0455379486084,25.44343
2016-08-24,24.85686683654785,25.436024
2016-08-25,24.751022338867188,25.335257
2016-08-26,24.60606575012207,25.224874
2016-08-29,24.578453063964844,25.094122
2016-08-30,24.3897762298584,25.0172
2016-08-31,24.412792205810547,24.882122
2016-09-01,24.557741165161133,24.82827
2016-09-02,24.787837982177734,24.88751
2016-09-06,24.78093147277832,25.047573
2016-09-07,24.93279457092285,25.124235
2016-09-08,24.27933692932129,25.236994
2016-09-09,23.72941780090332,24.935135
2016-09-12,24.26092529296875,24.468754
2016-09-13,24.838457107543945,24.532217
2016-09-14,25.717405319213867,24.910908
2016-09-15,26.591760635375977,25.585722
2016-09-16,26.442201614379883,26.39374
2016-09-19,26.13387107849121,26.694532
2016-09-20,26.131576538085938,26.632868
2016-09-21,26.12697410583496,26.58018
2016-09-22,26.373172760009766,26.554598
2016-09-23,25.933692932128906,26.679388
2016-09-26,25.972810745239258,26.5076
2016-09-27,26.02113151550293,26.430494
2016-09-28,26.219009399414062,26.427502
2016-09-29,25.81174659729004,26.53892
2016-09-30,26.011926651000977,26.375774
2016-10-03,25.889970779418945,26.391642
2016-10-04,26.00042724609375,26.344076
2016-10-05,26.011926651000977,26.378164
2016-10-06,26.2052059173584,26.405458
2016-10-07,26.244319915771484,26.523
2016-10-10,26.702205657958984,26.604523
2016-10-11,26.759727478027344,26.889599
2016-10-12,26.999021530151367,27.066067
2016-10-13,26.91619300842285,27.27124
2016-10-14,27.065752029418945,27.322994
2016-10-17,27.04734230041504,27.418797
2016-10-18,27.028932571411133,27.4562
2016-10-19,26.94840431213379,27.45995
2016-10-20,26.934595108032227,27.41582
2016-10-21,26.828754425048828,27.384968
2016-10-24,27.070354461669922,27.31398
2016-10-25,27.20841407775879,27.410393
2016-10-26,26.596363067626953,27.54116
2016-10-27,26.340959548950195,27.27007
2016-10-28,26.166088104248047,26.979355
2016-10-31,26.12467384338379,26.748293
2016-11-01,25.652976989746094,26.622675
2016-11-02,25.675992965698242,26.314018
2016-11-03,25.400781631469727,26.171665
2016-11-04,25.17181396484375,25.966228
2016-11-07,25.534914016723633,25.7419
2016-11-08,25.685239791870117,25.834553
2016-11-09,25.643613815307617,25.979605
2016-11-10,24.92898178100586,26.027052
2016-11-11,25.076993942260742,25.65268
2016-11-14,24.447925567626953,25.532715
2016-11-15,24.771709442138672,25.150625
2016-11-16,25.437780380249023,25.133295
2016-11-17,25.42852783203125,25.511988
2016-11-18,25.45397186279297,25.707546
2016-11-21,25.8402042388916,25.799725
2016-11-22,25.856388092041016,26.046177
2016-11-23,25.724563598632812,26.179083
2016-11-25,25.854066848754883,26.161446
2016-11-28,25.803186416625977,26.21437
2016-11-29,25.777751922607422,26.215927
2016-11-30,25.56035614013672,26.199665
2016-12-01,25.322145462036133,26.0726
2016-12-02,25.416963577270508,25.876844
2016-12-05,25.23426055908203,25.83362
2016-12-06,25.42852783203125,25.723885
2016-12-07,25.67830467224121,25.77466
2016-12-08,25.930395126342773,25.944649
2016-12-09,26.35362434387207,26.168352
2016-12-12,26.203298568725586,26.50602
2016-12-13,26.64040184020996,26.587608
2016-12-14,26.64040184020996,26.847223
2016-12-15,26.78611183166504,26.979084
2016-12-16,26.8207950592041,27.11154
2016-12-19,26.975751876831055,27.192068
2016-12-20,27.04744529724121,27.31078
2016-12-21,27.072885513305664,27.407562
2016-12-22,26.894804000854492,27.46505
2016-12-23,26.947994232177734,27.39221
2016-12-27,27.119144439697266,27.379303
2016-12-28,27.003507614135742,27.47075
2016-12-29,26.996566772460938,27.456867
2016-12-30,26.78611183166504,27.439905
2017-01-03,26.862424850463867,27.31714
2017-01-04,26.832355499267578,27.295174
2017-01-05,26.968812942504883,27.275177
2017-01-06,27.269466400146484,27.340452
2017-01-09,27.519243240356445,27.540085
2017-01-10,27.5469970703125,27.7773
2017-01-11,27.69501304626465,27.904564
2017-01-12,27.579376220703125,28.037079
2017-01-13,27.530805587768555,28.035805
2017-01-17,27.75282859802246,28.000275
2017-01-18,27.75050926208496,28.102938
2017-01-19,27.701950073242188,28.15831
2017-01-20,27.75282859802246,28.154501
2017-01-23,27.77132797241211,28.17677
2017-01-24,27.745891571044922,28.198957
2017-01-25,28.187625885009766,28.195427
2017-01-26,28.20149803161621,28.433113
2017-01-27,28.20380973815918,28.566288
2017-01-30,28.129804611206055,28.622412
2017-01-31,28.065048217773438,28.603113
2017-02-01,29.776473999023438,28.554146
2017-02-02,29.72559356689453,29.463167
2017-02-03,29.852798461914062,29.917953
2017-02-06,30.13263511657715,30.168287
2017-02-07,30.419414520263672,30.42375
2017-02-08,30.537357330322266,30.699165
2017-02-09,30.758031845092773,30.892729
2017-02-10,30.688335418701172,31.097885
2017-02-13,30.960094451904297,31.156025
2017-02-14,31.361949920654297,31.322136
2017-02-15,31.475751876831055,31.625568
2017-02-16,31.438610076904297,31.837185
2017-02-17,31.524532318115234,31.909151
2017-02-21,31.752168655395508,31.98061
2017-02-22,31.847402572631836,32.13815
2017-02-23,31.712675094604492,32.268833
2017-02-24,31.74287223815918,32.254295
2017-02-27,31.805585861206055,32.25492
2017-02-28,31.81952476501465,32.29064
2017-03-01,32.46989822387695,32.31723
2017-03-02,32.277122497558594,32.68381
2017-03-03,32.46757888793945,32.770187
2017-03-06,32.36537170410156,32.895973
2017-03-07,32.40718460083008,32.901085
2017-03-08,32.28640365600586,32.918682
2017-03-09,32.21207046508789,32.86198
2017-03-10,32.318912506103516,32.79062
2017-03-13,32.332855224609375,32.81511
2017-03-14,32.284080505371094,32.840313
2017-03-15,32.62553024291992,32.82542
2017-03-16,32.678958892822266,33.00219
2017-03-17,32.516357421875,33.125435
2017-03-20,32.8577995300293,33.09025
2017-03-21,32.481510162353516,33.250042
2017-03-22,32.848514556884766,33.13137
2017-03-23,32.73237228393555,33.258812
2017-03-24,32.66734313964844,33.27039
2017-03-27,32.72308349609375,33.232872
2017-03-28,33.40132522583008,33.242836
2017-03-29,33.475650787353516,33.620525
2017-03-30,33.431522369384766,33.85946
2017-03-31,33.36881637573242,33.936867
2017-04-03,33.37809753417969,33.928146
2017-04-04,33.62663269042969,33.92387
2017-04-05,33.45243453979492,34.05801
2017-04-06,33.36881637573242,34.034153
2017-04-07,33.29448318481445,33.967457
2017-04-10,33.2549934387207,33.89347
2017-04-11,32.89729690551758,33.83737
2017-04-12,32.936767578125,33.61755
2017-04-13,32.76256561279297,33.5269
2017-04-17,32.943748474121094,33.39829
2017-04-18,32.79740905761719,33.435093
2017-04-19,32.6766357421875,33.38281
2017-04-20,33.08543014526367,33.286823
2017-04-21,33.04594421386719,33.462456
2017-04-24,33.36415481567383,33.53953
2017-04-25,33.570884704589844,33.74223
2017-04-26,33.373451232910156,33.95674
2017-04-27,33.39900588989258,33.94899
2017-04-28,33.366493225097656,33.945095
2017-05-01,34.04705810546876,33.92601
2017-05-02,34.263065338134766,34.287617
2017-05-03,34.15855026245117,34.597305
2017-05-04,34.03544616699219,34.68015
2017-05-05,34.599876403808594,34.63681
2017-05-08,35.540584564208984,34.916794
2017-05-09,35.76823043823242,35.580494
2017-05-10,35.59865951538086,36.036366
2017-05-11,35.906532287597656,36.14134
2017-05-12,36.40799331665039,36.33557
2017-05-15,36.31468963623047,36.705204
2017-05-16,36.26105499267578,36.836994
2017-05-17,35.04356002807617,36.85379
2017-05-18,35.57767105102539,36.19057
2017-05-19,35.69895935058594,36.13207
2017-05-22,35.91586685180664,36.210598
2017-05-23,35.87155532836914,36.374084
2017-05-24,35.76425552368164,36.430805
2017-05-25,35.88786697387695,36.39146
2017-05-26,35.82723617553711,36.43447
2017-05-30,35.84121322631836,36.426613
2017-05-31,35.62897491455078,36.427353
2017-06-01,35.72694396972656,36.312515
2017-06-02,36.25638198852539,36.30547
2017-06-05,35.901859283447266,36.59798
2017-06-06,36.02314758300781,36.559055
2017-06-07,36.237728118896484,36.5858
2017-06-08,36.14908981323242,36.719498
2017-06-09,34.74736022949219,36.739906
2017-06-12,33.91703796386719,35.97752
2017-06-13,34.18991470336914,35.121964
2017-06-14,33.85639953613281,34.86953
2017-06-15,33.653472900390625,34.60973
2017-06-16,33.18234634399414,34.37795
2017-06-19,34.13161087036133,34.014984
2017-06-20,33.821414947509766,34.355835
2017-06-21,34.021995544433594,34.389023
2017-06-22,33.96602249145508,34.49329
2017-06-23,34.117618560791016,34.515152
2017-06-26,34.010337829589844,34.602436
2017-06-27,33.52286911010742,34.588417
2017-06-28,34.012672424316406,34.309513
2017-06-29,33.51120376586914,34.430725
2017-06-30,33.59051132202148,34.239117
2017-07-03,33.46922302246094,34.17357
2017-07-05,33.60683059692383,34.085213
2017-07-06,33.28963851928711,34.117874
2017-07-07,33.627838134765625,33.967648
2017-07-10,33.83306121826172,34.070747
2017-07-11,33.942684173583984,34.24659
2017-07-12,33.991676330566406,34.39223
2017-07-13,34.46514129638672,34.48423
2017-07-14,34.76134490966797,34.78156
2017-07-17,34.882633209228516,35.093895
2017-07-18,35.00392150878906,35.305504
2017-07-19,35.22315979003906,35.46317
2017-07-20,35.064544677734375,35.65246
2017-07-21,35.0482292175293,35.655823
2017-07-24,35.472713470458984,35.636852
2017-07-25,35.62432098388672,35.858555
2017-07-26,35.7922477722168,36.059525
2017-07-27,35.1158561706543,36.242855
2017-07-28,34.86864471435547,35.957676
2017-07-31,34.689056396484375,35.66108
2017-08-01,34.996917724609375,35.425613
2017-08-02,36.65055465698242,35.48882
2017-08-03,36.28437423706055,36.43925
2017-08-04,36.475624084472656,36.73574
2017-08-07,37.0400505065918,36.934643
2017-08-08,37.33626937866211,37.32829
2017-08-09,37.5648307800293,37.68471
2017-08-10,36.36832809448242,37.97211
2017-08-11,36.874088287353516,37.448307
2017-08-14,37.42903518676758,37.430473
2017-08-15,37.83878707885742,37.75816
2017-08-16,37.68659591674805,38.155632
2017-08-17,36.96307373046875,38.26083
2017-08-18,36.8787727355957,37.89607
2017-08-21,36.81087112426758,37.65156
2017-08-22,37.412628173828125,37.509636
2017-08-23,37.4594612121582,37.779068
2017-08-24,37.2932243347168,37.95557
2017-08-25,37.43136978149414,37.940273
2017-08-28,37.80835723876953,37.99612
2017-08-29,38.145530700683594,38.232185
2017-08-30,38.2485466003418,38.536846
2017-08-31,38.400760650634766,38.738277
2017-09-01,38.41246795654297,38.90785
2017-09-05,37.95117950439453,38.99076
2017-09-06,37.911376953125,38.772182
2017-09-07,37.75918197631836,38.630417
2017-09-08,37.14336395263671,38.48718
2017-09-11,37.81537628173828,38.08519
2017-09-12,37.665523529052734,38.24938
2017-09-13,37.3821907043457,38.27991
2017-09-14,37.06140899658203,38.130608
2017-09-15,37.43605422973633,37.87487
2017-09-18,37.152732849121094,37.954094
2017-09-19,37.166778564453125,37.857628
2017-09-20,36.5439338684082,37.8092
2017-09-21,35.916412353515625,37.45003
2017-09-22,35.565181732177734,36.921635
2017-09-25,35.251426696777344,36.474884
2017-09-26,35.857872009277344,36.10237
2017-09-27,36.11309814453125,36.265423
2017-09-28,35.89065170288086,36.513992
2017-09-29,36.08733367919922,36.51239
2017-10-02,36.01475524902344,36.6023
2017-10-03,36.17163848876953,36.609913
2017-10-04,35.9374885559082,36.6936
2017-10-05,36.38471984863281,36.609447
2017-10-06,36.36363983154297,36.80371
2017-10-09,36.49008560180664,36.899994
2017-10-10,36.50413513183594,37.007164
2017-10-11,36.65632629394531,37.065117
2017-10-12,36.527549743652344,37.171856
2017-10-13,36.759361267089844,37.154213
2017-10-16,37.43605422973633,37.264637
2017-10-17,37.57419967651367,37.693184
2017-10-18,37.407962799072266,37.987156
2017-10-19,36.52285385131836,38.023724
2017-10-20,36.586082458496094,37.541473
2017-10-23,36.56734848022461,37.32009
2017-10-24,36.78511428833008,37.224762
2017-10-25,36.6235466003418,37.30774
2017-10-26,36.857704162597656,37.269356
2017-10-27,38.178314208984375,37.37133
2017-10-30,39.03764343261719,38.14769
2017-10-31,39.58087158203125,39.018456
2017-11-01,39.07744598388672,39.72301
2017-11-02,39.363121032714844,39.763332
2017-11-03,40.39104461669922,39.895615
2017-11-06,40.80079650878906,40.524242
2017-11-07,40.93192672729492,41.070873
2017-11-08,41.26675796508789,41.39022
2017-11-09,41.18246841430664,41.706394
2017-11-10,41.046165466308594,41.80699
2017-11-13,40.88166809082031,41.76601
2017-11-14,40.263648986816406,41.649002
2017-11-15,39.73257064819336,41.253605
2017-11-16,40.207244873046875,40.763863
2017-11-17,39.98400115966797,40.790783
2017-11-20,39.94405746459961,40.714718
2017-11-21,40.686622619628906,40.650894
2017-11-22,41.11431121826172,41.026924
2017-11-24,41.116668701171875,41.461906
2017-11-27,40.909873962402344,41.66761
2017-11-28,40.6701774597168,41.634987
2017-11-29,39.8265495300293,41.474033
2017-11-30,40.383487701416016,40.931625
2017-12-01,40.195499420166016,40.96066
2017-12-04,39.901756286621094,40.90849
2017-12-05,39.8641471862793,40.718826
2017-12-06,39.71611404418945,40.601677
2017-12-07,39.788963317871094,40.471302
2017-12-08,39.800716400146484,40.449768
2017-12-11,40.576171875,40.453022
2017-12-12,40.348236083984375,40.878864
2017-12-13,40.4821891784668,40.978203
2017-12-14,40.47043228149414,41.075966
2017-12-15,40.88166809082031,41.114643
2017-12-18,41.4574089050293,41.353172
2017-12-19,41.015621185302734,41.790417
2017-12-20,40.970977783203125,41.76431
2017-12-21,41.126068115234375,41.69829
2017-12-22,41.126068115234375,41.75019
2017-12-26,40.082706451416016,41.782074
2017-12-27,40.089752197265625,41.22664
2017-12-28,40.202545166015625,40.93635
2017-12-29,39.76781463623047,40.88102
2018-01-02,40.4798469543457,40.633358
2018-01-03,40.47278594970703,40.894703
2018-01-04,40.66078567504883,41.044
2018-01-05,41.123722076416016,41.207928
2018-01-08,40.970977783203125,41.536884
2018-01-09,40.966270446777344,41.61604
2018-01-10,40.956871032714844,41.63402
2018-01-11,41.189510345458984,41.633476
2018-01-12,41.61484909057617,41.75919
2018-01-16,41.40336608886719,42.05759
2018-01-17,42.08720016479492,42.091297
2018-01-18,42.12479782104492,42.46297
2018-01-19,41.93679428100586,42.677067
2018-01-22,41.59370803833008,42.663456
2018-01-23,41.60309600830078,42.455708
2018-01-24,40.94042205810547,42.352776
2018-01-25,40.209598541259766,41.95086
2018-01-26,40.30358505249023,41.34757
2018-01-29,39.46937561035156,41.10731
2018-01-30,39.23672103881836,40.564552
2018-01-31,39.34482192993164,40.1671
2018-02-01,39.427066802978516,40.05134
2018-02-02,37.71631622314453,40.060246
2018-02-05,36.77400588989258,39.138554
2018-02-06,38.31085205078125,38.13827
2018-02-07,37.4907341003418,38.508907
2018-02-08,36.45912170410156,38.32054
2018-02-09,36.90505599975586,37.633842
2018-02-12,38.39154052734375,37.52693
2018-02-13,38.776145935058594,38.325153
2018-02-14,39.49108123779297,38.96142
2018-02-15,40.81713104248047,39.634216
2018-02-16,40.68498229980469,40.670418
2018-02-20,40.54813766479492,41.100487
2018-02-21,40.36409378051758,41.18598
2018-02-22,40.701515197753906,41.10383
2018-02-23,41.409358978271484,41.24023
2018-02-26,42.22811889648438,41.70431
2018-02-27,42.091251373291016,42.386936
2018-02-28,42.027557373046875,42.641983
2018-03-01,41.29138946533203,42.697964
2018-03-02,41.5768928527832,42.310112
2018-03-05,41.7208251953125,42.258896
2018-03-06,41.6854248046875,42.336006
2018-03-07,41.29845428466797,42.360855
2018-03-08,41.74912643432617,42.15799
2018-03-09,42.46641540527343,42.29553
2018-03-12,42.876983642578125,42.772213
2018-03-13,42.46406173706055,43.238018
2018-03-14,42.103057861328125,43.22711
2018-03-15,42.15260696411133,42.99466
2018-03-16,42.00395584106445,42.900505
2018-03-19,41.36217498779297,42.78523
2018-03-20,41.34801483154297,42.38081
2018-03-21,40.411285400390625,42.16783
2018-03-22,39.840293884277344,41.570847
2018-03-23,38.917720794677734,40.95882
2018-03-26,40.76521301269531,40.171703
2018-03-27,39.71994400024414,40.80412
2018-03-28,39.281089782714844,40.61679
2018-03-29,39.58781814575195,40.23721
2018-04-02,39.328269958496094,40.21623
2018-04-03,39.731746673583984,40.087666
2018-04-04,40.49151611328125,40.241047
2018-04-05,40.77229690551758,40.74412
2018-04-06,39.72938919067383,41.15182
2018-04-09,40.1234245300293,40.76491
2018-04-10,40.878475189208984,40.750084
2018-04-11,40.68735122680664,41.17936
2018-04-12,41.08845901489258,41.30214
2018-04-13,41.2276725769043,41.557987
2018-04-16,41.48485565185547,41.76081
2018-04-17,42.05587387084961,41.991573
2018-04-18,41.96147537231445,42.411694
2018-04-19,40.77229690551758,42.5667
2018-04-20,39.10175323486328,41.97294
2018-04-23,38.98851013183594,40.73988
2018-04-24,38.4458122253418,40.067997
2018-04-25,38.613338470458984,39.497982
2018-04-26,38.747833251953125,39.332214
2018-04-27,38.29953384399414,39.35424
2018-04-30,38.99321365356445,39.131004
2018-05-01,39.899269104003906,39.38955
2018-05-02,41.661834716796875,40.03354
2018-05-03,41.73733139038086,41.316666
2018-05-04,43.374820709228516,41.991203
2018-05-07,43.68864822387695,43.15669
2018-05-08,43.898643493652344,43.898155
2018-05-09,44.207733154296875,44.32866
2018-05-10,44.8400764465332,44.677288
2018-05-11,44.6695442199707,45.179295
2018-05-14,44.56533432006836,45.329216
2018-05-15,44.160301208496094,45.32013
2018-05-16,44.57243347167969,45.085896
2018-05-17,44.29056167602539,45.188984
2018-05-18,44.12950134277344,45.10516
2018-05-21,44.44215393066406,44.966953
2018-05-22,44.330833435058594,45.070408
2018-05-23,44.61506652832031,45.07307
2018-05-24,44.56533432006836,45.222836
2018-05-25,44.66716003417969,45.27429
2018-05-29,44.50611114501953,45.347256
2018-05-30,44.41137313842773,45.294533
2018-05-31,44.26213455200195,45.21054
2018-06-01,45.06037902832031,45.088467
2018-06-04,45.436973571777344,45.46513
2018-06-05,45.78752899169922,45.876442
2018-06-06,45.94622039794922,46.259636
2018-06-07,45.82305908203125,46.521282
2018-06-08,45.40616989135742,46.567295
2018-06-11,45.29486083984375,46.347725
2018-06-12,45.54356002807617,46.169125
2018-06-13,45.16932678222656,46.2254
2018-06-14,45.1930046081543,46.062595
2018-06-15,44.728759765625,45.986355
2018-06-18,44.705078125,45.70353
2018-06-19,43.98263931274414,45.546738
2018-06-20,44.17449951171875,45.088333
2018-06-21,43.92817687988281,44.961807
2018-06-22,43.80026626586914,44.790127
2018-06-25,43.148895263671875,44.63783
2018-06-26,43.6842041015625,44.21309
2018-06-27,43.6202507019043,44.29108
2018-06-28,43.93764877319336,44.324154
2018-06-29,43.845279693603516,44.509212
2018-07-02,44.3355712890625,44.55366
2018-07-03,43.56341552734375,44.83231
2018-07-05,43.91395950317383,44.55475
2018-07-06,44.52268981933594,44.582073
2018-07-09,45.14090347290039,44.94643
2018-07-10,45.08642578125,45.473522
2018-07-11,44.50137710571289,45.697556
2018-07-12,45.24748229980469,45.4625
2018-07-13,45.31854248046875,45.731796
2018-07-16,45.21906280517578,45.927696
2018-07-17,45.34696578979492,45.959446
2018-07-18,45.09825897216797,46.033577
2018-07-19,45.448822021484375,45.935165
2018-07-20,45.3446044921875,46.070114
2018-07-23,45.384864807128906,46.090767
2018-07-24,45.71409606933594,46.115044
2018-07-25,46.14519119262695,46.30616
2018-07-26,46.000701904296875,46.6403
2018-07-27,45.23563003540039,46.724968
2018-07-30,44.98220443725586,46.330864
2018-07-31,45.07219696044922,45.980286
2018-08-01,47.72740936279297,45.870636
2018-08-02,49.122528076171875,47.283733
2018-08-03,49.26464080810547,48.794373
2018-08-06,49.52044677734375,49.574814
2018-08-07,49.05620193481445,50.027756
2018-08-08,49.08936309814453,49.96352
2018-08-09,49.475440979003906,49.92019
2018-08-10,49.32807540893555,50.113476
2018-08-13,49.64659118652344,50.138515
2018-08-14,49.85575485229492,50.3137
2018-08-15,49.972225189208984,50.51874
2018-08-16,50.70431137084961,50.67913
2018-08-17,51.71688461303711,51.149784
2018-08-20,51.21297836303711,51.93924
2018-08-21,51.11313247680664,52.049297
2018-08-22,51.115516662597656,52.002495
2018-08-23,51.22010040283203,51.972855
2018-08-24,51.37935256958008,52.018005
2018-08-27,51.80244827270508,52.130985
2018-08-28,52.22077941894531,52.4185
2018-08-29,53.00040054321289,52.79061
2018-08-30,53.48768997192383,53.392925
2018-08-31,54.105682373046875,53.951347
2018-09-04,54.2791862487793,54.543335
2018-09-05,53.92502975463867,54.913578
2018-09-06,53.02893829345703,54.87772
2018-09-07,52.601078033447266,54.3475
2018-09-10,51.8951416015625,53.83901
2018-09-11,53.20719909667969,53.221725
2018-09-12,52.546424865722656,53.645813
2018-09-13,53.81568145751953,53.54763
2018-09-14,53.20481491088867,54.160522
2018-09-17,51.78818893432617,54.155235
2018-09-18,51.873756408691406,53.340565
2018-09-19,51.90465545654297,52.959843
2018-09-20,52.299217224121094,52.829082
2018-09-21,51.735904693603516,52.999786
2018-09-24,52.479862213134766,52.790264
2018-09-25,52.8126220703125,53.074516
2018-09-26,52.39191436767578,53.418346
2018-09-27,53.46866989135742,53.351048
2018-09-28,53.65644454956055,53.880714
2018-10-01,54.017730712890625,54.26564
2018-10-02,54.497867584228516,54.630985
2018-10-03,55.16101837158203,55.06027
2018-10-04,54.191253662109375,55.62429
2018-10-05,53.311790466308594,55.36475
2018-10-08,53.18818283081055,54.71356
2018-10-09,53.92502975463867,54.32165
2018-10-10,51.42689514160156,54.55986
2018-10-11,50.972900390625,53.34803
2018-10-12,52.79361343383789,52.448647
2018-10-15,51.66457748413086,53.04645
2018-10-16,52.803123474121094,52.801823
2018-10-17,52.57494354248047,53.254906
2018-10-18,51.346065521240234,53.383404
2018-10-19,52.12808609008789,52.751293
2018-10-22,52.44658660888672,52.83732
2018-10-23,52.94098663330078,53.096664
2018-10-24,51.125030517578125,53.496773
2018-10-25,52.24455261230469,52.699913
2018-10-26,51.41263198852539,52.86622
2018-10-29,50.447601318359375,52.55113
2018-10-30,50.69956588745117,51.84869
2018-10-31,52.0211296081543,51.637196
2018-11-01,52.819766998291016,52.291527
2018-11-02,49.31618881225586,53.083775
2018-11-05,47.91619110107422,51.546894
2018-11-06,48.434364318847656,49.92522
2018-11-07,49.903289794921875,49.454536
2018-11-08,49.72917938232422,50.112034
2018-11-09,48.77031707763672,50.39181
2018-11-12,46.31355667114258,49.97249
2018-11-13,45.8508186340332,48.393585
2018-11-14,44.5556640625,47.33801
2018-11-15,45.655242919921875,46.17783
2018-11-16,46.1609001159668,46.234528
2018-11-19,44.33143997192383,46.61339
2018-11-20,42.21337890625,45.809555
2018-11-21,42.16567611694336,44.20601
2018-11-23,41.0947151184082,43.3875
2018-11-26,41.65047836303711,42.475174
2018-11-27,41.559837341308594,42.3498
2018-11-28,43.157928466796875,42.291656
2018-11-29,42.82638931274414,43.139206
2018-11-30,42.59502410888672,43.406593
2018-12-03,44.08338928222656,43.36547
2018-12-04,42.14420700073242,44.138046
2018-12-06,41.67433547973633,43.489326
2018-12-07,40.18834686279297,42.8423
2018-12-10,40.453102111816406,41.733574
2018-12-11,40.22174072265625,41.33654
2018-12-12,40.333839416503906,41.072643
2018-12-13,40.775108337402344,41.01984
2018-12-14,39.47040557861328,41.24886
2018-12-17,39.10307312011719,40.660267
2018-12-18,39.61112976074219,40.134754
2018-12-19,38.37559509277344,40.172813
2018-12-20,37.407196044921875,39.552345
2018-12-21,35.95221710205078,38.694576
2018-12-24,35.02199935913086,37.488953
2018-12-26,37.4882926940918,36.40159
2018-12-27,37.2449951171875,37.251194
2018-12-28,37.264076232910156,37.634853
2018-12-31,37.62424850463867,37.79098
2019-01-02,37.66717529296875,38.043865
2019-01-03,33.915252685546875,38.189873
2019-01-04,35.36307907104492,36.20381
2019-01-07,35.28435134887695,35.938507
2019-01-08,35.95698928833008,35.884186
2019-01-09,36.56761169433594,36.23915
2019-01-10,36.68448257446289,36.761856
2019-01-11,36.32431411743164,37.077175
2019-01-14,35.778099060058594,37.01256
2019-01-15,36.5103645324707,36.6602
2019-01-16,36.95639419555664,36.878464
2019-01-17,37.17583465576172,37.259663
2019-01-18,37.40481948852539,37.566044
2019-01-22,36.565223693847656,37.82771
2019-01-23,36.71310043334961,37.487915
2019-01-24,36.42210388183594,37.373123
2019-01-25,37.62902069091797,37.176266
2019-01-28,37.280784606933594,37.738583
2019-01-29,36.89437484741211,37.857445
2019-01-30,39.4155387878418,37.672905
2019-01-31,39.699378967285156,38.943382
2019-02-01,39.71846008300781,39.779068
2019-02-04,40.84667205810547,40.147522
2019-02-05,41.54551696777344,40.903465
2019-02-06,41.559837341308594,41.659576
2019-02-07,40.772708892822266,42.017483
2019-02-08,40.82063293457031,41.728813
2019-02-11,40.58588409423828,41.581223
2019-02-12,40.93561935424805,41.395233
2019-02-13,40.76553726196289,41.498425
2019-02-14,40.91405487060547,41.472343
2019-02-15,40.82301330566406,41.533154
2019-02-19,40.94517517089844,41.51725
2019-02-20,41.20869064331055,41.57163
2019-02-21,40.97633361816406,41.745033
2019-02-22,41.43387222290039,41.706055
2019-02-25,41.735694885253906,41.923973
2019-02-26,41.759647369384766,42.205864
2019-02-27,41.88898468017578,42.35328
2019-02-28,41.476985931396484,42.483376
2019-03-01,41.91294479370117,42.31784
2019-03-04,42.12374496459961,42.46046
2019-03-05,42.047096252441406,42.661404
2019-03-06,41.805152893066406,42.716297
2019-03-07,41.321285247802734,42.60042
2019-03-08,41.41948699951172,42.272198
2019-03-11,42.85436248779297,42.160732
2019-03-12,43.33584213256836,42.90597
2019-03-13,43.5274772644043,43.56773
2019-03-14,44.011356353759766,43.97221
2019-03-15,44.583866119384766,44.406403
2019-03-18,45.03899002075195,44.92144
2019-03-19,44.68207550048828,45.413208
2019-03-20,45.072532653808594,45.444736
2019-03-21,46.732566833496094,45.64346
2019-03-22,45.764808654785156,46.65216
2019-03-25,45.211463928222656,46.642593
2019-03-26,44.744354248046875,46.271553
2019-03-27,45.146793365478516,45.823147
2019-03-28,45.2066764831543,45.83147
2019-03-29,45.50130844116211,45.897736
2019-04-01,45.810325622558594,46.0928
2019-04-02,46.476261138916016,46.359547
2019-04-03,46.79484558105469,46.850365
2019-04-04,46.87629699707031,47.26503
2019-04-05,47.190101623535156,47.49603
2019-04-08,47.932682037353516,47.762325
2019-04-09,47.78894805908203,48.292946
2019-04-10,48.0572395324707,48.47689
2019-04-11,47.657203674316406,48.686363
2019-04-12,47.6380500793457,48.567112
2019-04-15,47.72426986694336,48.481167
2019-04-16,47.72906494140625,48.49124
2019-04-17,48.65849304199219,48.505062
2019-04-18,48.83335876464844,49.018757
2019-04-22,48.99386215209961,49.38331
2019-04-23,49.70051193237305,49.629513
2019-04-24,49.623863220214844,50.121094
2019-04-25,49.17351531982422,50.322178
2019-04-26,48.93876647949219,50.15117
2019-04-29,49.01302719116211,49.92098
2019-04-30,48.0692138671875,49.852077
2019-05-01,50.42873001098633,49.31633
2019-05-02,50.100555419921875,50.326134
2019-05-03,50.723365783691406,50.712135
2019-05-06,49.9400520324707,51.189583
2019-05-07,48.59381866455078,50.988598
2019-05-08,48.603397369384766,50.118633
2019-05-09,48.08121109008789,49.680237
2019-05-10,47.415103912353516,49.221348
2019-05-13,44.65937042236328,48.64504
2019-05-14,45.3663330078125,46.868343
2019-05-15,45.909793853759766,46.3564
2019-05-16,45.70779800415039,46.49699
2019-05-17,45.44809341430664,46.492336
2019-05-20,44.026947021484375,46.337753
2019-05-21,44.870967864990234,45.48052
2019-05-22,43.952396392822266,45.49926
2019-05-23,43.2021369934082,45.062614
2019-05-24,43.036231994628906,44.421898
2019-05-28,42.8582763671875,44.0219
2019-05-29,42.65387725830078,43.755035
2019-05-30,42.875099182128906,43.52818
2019-05-31,42.098411560058594,43.545887
2019-06-03,41.67277908325195,43.145412
2019-06-04,43.197322845458984,42.700813
2019-06-05,43.894683837890625,43.323734
2019-06-06,44.539146423339844,44.05988
2019-06-07,45.72462463378906,44.75794
2019-06-10,46.308956146240234,45.724007
2019-06-11,46.845211029052734,46.505974
2019-06-12,46.696109771728516,47.148026
2019-06-13,46.68648910522461,47.35491
2019-06-14,46.347442626953125,47.41836
2019-06-17,46.62397003173828,47.25478
2019-06-18,47.72050476074219,47.31665
2019-06-19,47.581031799316406,47.958576
2019-06-20,47.96337127685547,48.21648
2019-06-21,47.79985046386719,48.519676
2019-06-24,47.751766204833984,48.573742
2019-06-25,47.027950286865234,48.556984
2019-06-26,48.04513168334961,48.150505
2019-06-27,48.030704498291016,48.493153
2019-06-28,47.59305953979492,48.691795
2019-07-01,48.46595001220703,48.5356
2019-07-02,48.74969482421875,48.916904
2019-07-03,49.153682708740234,49.282207
2019-07-05,49.110389709472656,49.670124
2019-07-08,48.0980339050293,49.82711
2019-07-09,48.39140701293945,49.33295
2019-07-10,48.86991882324219,49.22368
2019-07-11,48.5140266418457,49.4594
2019-07-12,48.886749267578125,49.396378
2019-07-15,49.346046447753906,49.551422
2019-07-16,49.17531967163086,49.887436
2019-07-17,48.89877700805664,49.960964
2019-07-18,49.454254150390625,49.82731
2019-07-19,48.716033935546875,50.055492
2019-07-22,49.82939147949219,49.781616
2019-07-23,50.21894073486328,50.230385
2019-07-24,50.17805862426758,50.69634
2019-07-25,49.78129577636719,50.89012
2019-07-26,49.95442581176758,50.745834
2019-07-29,50.420936584472656,50.752377
2019-07-30,50.20451354980469,51.019875
2019-07-31,51.228904724121094,51.04229
2019-08-01,50.1203498840332,51.59572
2019-08-02,49.059906005859375,51.280724
2019-08-05,46.49171829223633,50.501698
2019-08-06,47.371829986572266,48.71242
2019-08-07,47.86237335205078,48.302353
2019-08-08,48.91801834106445,48.46898
2019-08-09,48.51491928100586,49.15765
2019-08-12,48.39181137084961,49.287838
2019-08-13,50.441123962402344,49.243954
2019-08-14,48.93974685668945,50.32969
2019-08-15,48.695953369140625,50.084137
2019-08-16,49.84491729736328,49.75256
2019-08-19,50.77423095703125,50.221107
2019-08-20,50.776641845703125,50.995773
2019-08-21,51.326995849609375,51.374218
2019-08-22,51.283546447753906,51.8237
2019-08-23,48.91319274902344,52.01238
2019-08-26,49.842506408691406,50.790726
2019-08-27,49.28008270263672,50.644432
2019-08-28,49.61077880859375,50.339867
2019-08-29,50.45078277587891,50.36965
2019-08-30,50.385616302490234,50.86267
2019-09-03,49.65182113647461,51.083847
2019-09-04,50.49422836303711,50.76793
2019-09-05,51.481483459472656,51.047085
2019-09-06,51.47663879394531,51.75248
2019-09-09,51.69630432128906,52.102535
2019-09-10,52.30698776245117,52.36108
2019-09-11,53.9701042175293,52.80782
2019-09-12,53.84941101074219,53.933258
2019-09-13,52.80183029174805,54.430405
2019-09-16,53.07940673828125,54.04883
2019-09-17,53.27250671386719,53.968975
2019-09-18,53.77217102050781,54.057854
2019-09-19,53.335269927978516,54.382835
2019-09-20,52.55561828613281,54.310024
2019-09-23,52.79457092285156,53.826164
2019-09-24,52.543540954589844,53.707363
2019-09-25,53.3521614074707,53.539318
2019-09-26,53.07699203491211,53.899548
2019-09-27,52.818729400634766,53.949272
2019-09-30,54.061824798583984,53.811264
2019-10-01,54.21147918701172,54.413322
2019-10-02,52.852516174316406,54.81991
2019-10-03,53.301483154296875,54.253883
2019-10-04,54.79561996459961,54.175682
2019-10-07,54.80767822265625,54.985905
2019-10-08,54.16561508178711,55.423054
2019-10-09,54.80044937133789,55.25066
2019-10-10,55.539066314697266,55.47858
2019-10-11,57.01630401611328,56.012447
2019-10-14,56.93424987792969,57.08386
2019-10-15,56.801490783691406,57.567684
2019-10-16,56.57217025756836,57.681206
2019-10-17,56.79182434082031,57.585705
2019-10-18,57.06459426879883,57.64909
2019-10-21,58.05424499511719,57.838043
2019-10-22,57.921485900878906,58.473263
2019-10-23,58.69873046875,58.722576
2019-10-24,58.7952766418457,59.236835
2019-10-25,59.5194206237793,59.543865
2019-10-28,60.115631103515625,60.067383
2019-10-29,58.72527313232422,60.64805
2019-10-30,58.71803283691406,60.162094
2019-10-31,60.04561996459961,59.86694
2019-11-01,61.74977111816406,60.467594
2019-11-04,62.1552848815918,61.730835
2019-11-05,62.06596755981445,62.57623
2019-11-06,62.092533111572266,62.89054
2019-11-07,62.80915069580078,63.01669
2019-11-08,62.981048583984375,63.454433
2019-11-11,63.479793548583984,63.77072
2019-11-12,63.42166519165039,64.18135
2019-11-13,64.02937316894531,64.345665
2019-11-14,63.58628463745117,64.73755
2019-11-15,64.34166717529297,64.691864
2019-11-18,64.66610717773438,65.05522
2019-11-19,64.46998596191406,65.42603
2019-11-20,63.719459533691406,65.49091
2019-11-21,63.43379211425781,65.09287
2019-11-22,63.37812042236328,64.725
2019-11-25,64.48934173583984,64.527664
2019-11-26,63.98579025268555,65.05329
2019-11-27,64.8452377319336,65.066956
2019-11-29,64.70240783691406,65.50864
2019-12-02,63.95430374145508,65.66144
2019-12-03,62.814002990722656,65.305855
2019-12-04,63.36842346191406,64.48871
2019-12-05,64.29810333251953,64.385414
2019-12-06,65.54009246826172,64.89
2019-12-09,64.62252044677734,65.83747
2019-12-10,65.00020599365234,65.80161
2019-12-11,65.55462646484375,65.9281
2019-12-12,65.72167205810547,66.29908
2019-12-13,66.61502838134766,66.576904
2019-12-16,67.7553482055664,67.18597
2019-12-17,67.88851165771484,68.10908
2019-12-18,67.7262954711914,68.62704
2019-12-19,67.79407501220703,68.75199
2019-12-20,67.65365600585938,68.82239
2019-12-23,68.75765228271484,68.775925
2019-12-24,68.82303619384766,69.349365
2019-12-26,70.18849182128906,69.68904
2019-12-27,70.16184997558594,70.57463
2019-12-30,70.57827758789062,71.0029
2019-12-31,71.09396362304688,71.3983
2020-01-02,72.71605682373047,71.859825
2020-01-03,72.00910949707031,72.96053
2020-01-06,72.58290100097656,73.123566
2020-01-07,72.24154663085938,73.45239
2020-01-08,73.40364074707031,73.429565
2020-01-09,74.96279907226562,74.03052
2020-01-10,75.13225555419922,75.19623
2020-01-13,76.7374267578125,75.86119
2020-01-14,75.70121765136719,77.00958
2020-01-15,75.3768081665039,77.00552
2020-01-16,76.32098388671875,76.75538
2020-01-17,77.16596984863281,77.14015
2020-01-21,76.64299774169922,77.81842
2020-01-22,76.91658020019531,77.86519
2020-01-23,77.28699493408203,77.99624
2020-01-24,77.06424713134766,78.26419
2020-01-27,74.79816436767578,78.275536
2020-01-28,76.91415405273438,77.03189
2020-01-29,78.52415466308594,77.53257
2020-01-30,78.41035461425781,78.74965
2020-01-31,74.9337615966797,79.292435
2020-02-03,74.72796630859375,77.607315
2020-02-04,77.19499206542969,76.57988
2020-02-05,77.82447052001953,77.49226
2020-02-06,78.73477935791016,78.37716
2020-02-07,77.66455841064453,79.27682
2020-02-10,78.03343963623047,79.108696
2020-02-11,77.5626449584961,79.16475
2020-02-12,79.4045639038086,78.949295
2020-02-13,78.8391342163086,79.83579
2020-02-14,78.85855865478516,80.00601
2020-02-18,77.41461181640625,80.04977
2020-02-19,78.53577423095703,79.27683
2020-02-20,77.73009490966797,79.48038
2020-02-21,75.97066497802734,79.19787
2020-02-24,72.36205291748047,78.07988
2020-02-25,69.91096496582031,75.5488
2020-02-26,71.02001190185547,72.96042
2020-02-27,66.3775634765625,72.36894
2020-02-28,66.33872985839844,69.693504
2020-03-02,72.5149154663086,68.30568
2020-03-03,70.21190643310547,71.109055
2020-03-04,73.46864318847656,71.40847
2020-03-05,71.0855484008789,73.15693
2020-03-06,70.14151000976562,72.754364
2020-03-09,64.59387969970703,71.91816
2020-03-10,69.24601745605469,68.48502
2020-03-11,66.84107208251953,69.27451
2020-03-12,60.24021530151367,68.59667
2020-03-13,67.4574966430664,64.59362
2020-03-16,58.779293060302734,66.46944
2020-03-17,61.36381530761719,62.977894
2020-03-18,59.861629486083984,62.43371
2020-03-19,59.40296936035156,61.55037
2020-03-20,55.63173294067383,60.869316
2020-03-23,54.449893951416016,58.510315
2020-03-24,59.91259765625,56.66945
2020-03-25,59.58255386352539,58.829597
2020-03-26,62.71796798706055,59.89855
2020-03-27,60.12130355834961,62.02729
2020-03-30,61.8370475769043,61.658787
2020-03-31,61.710845947265625,62.264473
2020-04-01,58.463802337646484,62.53782
2020-04-02,59.439369201660156,60.873913
2020-04-03,58.58513641357422,60.516632
2020-04-06,63.69594955444336,59.970745
2020-04-07,62.958221435546875,62.492596
2020-04-08,64.5696029663086,63.44767
2020-04-09,65.03553771972656,64.66494
2020-04-13,66.31204986572266,65.49642
2020-04-14,69.6610107421875,66.55124
2020-04-15,69.02519226074219,68.87688
2020-04-16,69.57365417480469,69.68358
2020-04-17,68.6296157836914,70.25882
2020-04-20,67.20510864257812,69.99717
2020-04-21,65.12776184082031,69.05021
2020-04-22,67.00367736816406,67.44143
2020-04-23,66.74401092529297,67.68217
2020-04-24,68.6708755493164,67.76981
2020-04-27,68.71942138671875,68.849464
2020-04-28,67.60550689697266,69.43533
2020-04-29,69.82603454589844,69.06639
2020-04-30,71.29907989501953,70.04537
2020-05-01,70.15122985839844,71.38432
2020-05-04,71.14380645751953,71.39865
2020-05-05,72.2115707397461,71.86229
2020-05-06,72.95657348632812,72.686714
2020-05-07,73.71131134033203,73.49564
2020-05-08,75.46578979492188,74.27871
2020-05-11,76.65325927734375,75.59342
2020-05-12,75.77725982666016,76.87935
2020-05-13,74.8623275756836,76.99354
2020-05-14,75.32221984863281,76.475586
2020-05-15,74.87689971923828,76.44966
2020-05-18,76.64110565185547,76.22826
2020-05-19,76.19823455810547,77.075195
2020-05-20,77.68013763427734,77.29194
2020-05-21,77.10099792480469,78.15832
2020-05-22,77.59739685058594,78.283134
2020-05-26,77.0718002319336,78.56421
2020-05-27,77.4075927734375,78.41818
2020-05-28,77.4416732788086,78.50749
2020-05-29,77.36621856689453,78.582726
2020-06-01,78.31768798828125,78.57586
2020-06-02,78.68025207519531,79.08553
2020-06-03,79.1134033203125,79.55007
2020-06-04,78.4320297241211,79.996605
2020-06-05,80.6658706665039,79.830414
2020-06-08,81.14281463623047,80.93093
2020-06-09,83.70512390136719,81.77699
2020-06-10,85.8586654663086,83.543594
2020-06-11,81.73654174804688,85.585075
2020-06-12,82.44221496582031,84.300385
2020-06-15,83.46180725097656,83.88573
2020-06-16,85.67371368408203,84.30698
2020-06-17,85.55450439453125,85.7573
2020-06-18,85.58856201171875,86.424545
2020-06-19,85.09943389892578,86.70075
2020-06-22,87.32598114013672,86.53815
2020-06-23,89.18990325927734,87.647125
2020-06-24,87.61554718017578,89.25056
2020-06-25,88.77867889404297,89.163574
2020-06-26,86.0509033203125,89.65013
2020-06-29,88.03408813476562,88.42922
2020-06-30,88.7689437866211,88.83994
2020-07-01,88.6010513305664,89.53183
2020-07-02,88.6010513305664,89.77646
2020-07-06,90.97115325927734,89.86085
2020-07-07,90.68888092041016,91.17731
2020-07-08,92.80103302001953,91.7066
2020-07-09,93.20008850097656,93.04744
2020-07-10,93.36314392089844,93.931656
2020-07-13,92.93243408203125,94.39847
2020-07-14,94.4703369140625,94.35428
2020-07-15,95.12004852294922,95.13846
2020-07-16,93.94957733154297,95.90466
2020-07-17,93.75977325439453,95.621155
2020-07-20,95.73565673828125,95.32333
2020-07-21,94.41436767578125,96.25935
2020-07-22,94.6795883178711,96.05028
2020-07-23,90.37008666992188,96.026825
2020-07-24,90.14623260498047,93.6889
2020-07-27,92.2827377319336,92.349205
2020-07-28,90.7667465209961,92.95719
2020-07-29,92.50660705566406,92.53473
2020-07-30,93.62594604492188,93.218956
2020-07-31,103.4275131225586,94.20905
2020-08-03,106.03363800048828,99.99802
2020-08-04,106.74172973632812,104.36621
2020-08-05,107.12864685058594,106.66336
2020-08-06,110.86627960205078,107.79946
2020-08-07,108.34565734863281,110.27616
2020-08-10,109.92044830322266,110.136665
2020-08-11,106.65144348144531,110.76716
2020-08-12,110.19591522216797,109.33996
2020-08-13,112.14611053466797,110.479866
2020-08-14,112.0461654663086,112.22018
2020-08-17,111.7536392211914,113.00223
2020-08-18,112.6848373413086,113.14376
2020-08-19,112.82621765136719,113.67406
2020-08-20,115.32982635498047,114.019554
2020-08-21,121.27304077148438,115.521225
2020-08-24,122.72349548339844,119.492035
2020-08-25,121.71669006347656,122.24714
2020-08-26,123.3719253540039,122.89092
2020-08-27,121.89710998535156,123.95108
2020-08-28,121.69963836669922,123.671104
2020-08-31,125.82675170898438,123.357574
2020-09-01,130.83871459960938,125.4412
2020-09-02,128.12799072265625,129.2452
2020-09-03,117.86992645263672,129.63332
2020-09-04,117.94794464111328,124.06981
2020-09-08,110.01063537597656,121.20143
2020-09-09,114.39859008789064,115.76903
2020-09-10,110.66394805908203,115.49281
2020-09-11,109.2110595703125,113.664795
2020-09-14,112.48739624023438,111.93898
2020-09-15,112.66290283203125,112.921455
2020-09-16,109.33782196044922,113.63046
2020-09-17,107.59237670898438,112.1353
2020-09-18,104.17953491210938,110.3655
2020-09-21,107.33888244628906,107.68799
2020-09-22,109.0257797241211,108.11311
2020-09-23,104.45259094238281,109.41254
2020-09-24,105.52518463134766,107.58375
2020-09-25,109.48408508300781,107.12861
2020-09-28,112.09735107421875,109.14782
2020-09-29,111.24901580810547,111.640114
2020-09-30,112.92619323730469,112.351326
2020-10-01,113.88178253173828,113.47317
2020-10-02,110.20567321777344,114.53095
2020-10-05,113.59901428222656,113.02551
2020-10-06,110.34219360351562,114.01371
2020-10-07,112.21436309814453,112.86274
2020-10-08,112.10709381103516,113.21584
2020-10-09,114.05729675292969,113.41424
2020-10-12,121.30230712890625,114.55003
2020-10-13,118.08447265625,119.04203
2020-10-14,118.17222595214844,119.57033
2020-10-15,117.70417785644531,119.61396
2020-10-16,116.05625915527344,119.354225
2020-10-19,113.09195709228516,118.3296
2020-10-20,114.58384704589844,116.21344
2020-10-21,113.95978546142578,115.984344
2020-10-22,112.86766815185547,115.65987
2020-10-23,112.17536163330078,114.91387
2020-10-26,112.18511199951172,114.170265
2020-10-27,113.6965103149414,113.83382
2020-10-28,108.43096923828125,114.52083
2020-10-29,112.44840240478516,112.04993
2020-10-30,106.14924621582031,112.89309
2020-11-02,106.06149291992188,110.07696
2020-11-03,107.68990325927734,108.5091
2020-11-04,112.08760070800781,108.74877
2020-11-05,116.06600189208984,111.34874
2020-11-06,115.93413543701172,114.835365
2020-11-09,113.61917877197266,116.4142
2020-11-10,113.27730560302734,115.76716
2020-11-11,116.71556854248047,115.14987
2020-11-12,116.44207000732422,116.73033
2020-11-13,116.49090576171875,117.445335
2020-11-16,117.50676727294922,117.74654
2020-11-17,116.6178970336914,118.40897
2020-11-18,115.28944396972656,118.25624
2020-11-19,115.88529968261719,117.41933
2020-11-20,114.61549377441406,117.31692
2020-11-23,111.20653533935547,116.630455
2020-11-24,112.49586486816406,114.43694
2020-11-25,113.33589172363281,114.03545
2020-11-27,113.88289642333984,114.41664
2020-11-30,116.28578186035156,114.93404
2020-12-01,119.87059020996094,116.47632
2020-12-02,120.22220611572266,119.18125
2020-12-03,120.08546447753906,120.68122
2020-12-04,119.41146850585938,121.21977
2020-12-07,120.87665557861328,121.045044
2020-12-08,121.49201965332031,121.71452
2020-12-09,118.95238494873047,122.408035
2020-12-10,120.37850189208984,121.35814
2020-12-11,119.5677719116211,121.540825
2020-12-14,118.95238494873047,121.26486
2020-12-15,124.91075134277344,120.77843
2020-12-16,124.8423843383789,123.757645
2020-12-17,125.71170043945312,125.29915
2020-12-18,123.71910095214844,126.38362
2020-12-21,125.25260925292969,125.778595
2020-12-22,128.81790161132812,126.22618
2020-12-23,127.91922760009766,128.4196
2020-12-24,128.9058074951172,129.04854
2020-12-28,133.5161895751953,129.7721
2020-12-29,131.7384490966797,132.59227
2020-12-30,130.6151580810547,133.05699
2020-12-31,129.60906982421875,132.52165
2021-01-04,126.40523529052734,131.67676
2021-01-05,127.96809387207031,129.54868
2021-01-06,123.66048431396484,129.33965
2021-01-07,127.88013458251953,127.04199
2021-01-08,128.9839324951172,128.13454
2021-01-11,125.9852066040039,129.43726
2021-01-12,125.80941772460938,128.42854
2021-01-13,127.85089111328125,127.72811
2021-01-14,125.91683959960938,128.52654
2021-01-15,124.18792724609375,127.94212
2021-01-19,124.8619384765625,126.65664
2021-01-20,128.96441650390625,126.38827
2021-01-21,133.69200134277344,128.5384
2021-01-22,135.84095764160156,132.21483
2021-01-25,139.60154724121094,135.14444
2021-01-26,139.8359832763672,138.4579
2021-01-27,138.7615203857422,140.12407
2021-01-28,133.9069366455078,140.21129
2021-01-29,128.8960418701172,137.55128
2021-02-01,131.02540588378906,133.47603
2021-02-02,131.85569763183594,132.67538
2021-02-03,130.83004760742188,132.95895
2021-02-04,134.19993591308594,132.60168
2021-02-05,133.78416442871094,134.20879
2021-02-08,133.93093872070312,134.83913
2021-02-09,133.05052185058594,135.1444
2021-02-10,132.44400024414062,134.79024
2021-02-11,132.1896514892578,134.26196
2021-02-12,132.4244384765625,133.87361
2021-02-16,130.29188537597656,133.83136
2021-02-17,127.99299621582033,132.68585
2021-02-18,126.88758850097656,130.85588
2021-02-19,127.04411315917969,129.38081
2021-02-22,123.2583236694336,128.81126
2021-02-23,123.12135314941406,126.56442
2021-02-24,122.6224594116211,125.35617
2021-02-25,118.3573226928711,124.59608
2021-02-26,118.6214599609375,121.971466
2021-03-01,125.00936889648438,120.79385
2021-03-02,122.39747619628906,123.78786
2021-03-03,119.40406036376953,124.005005
2021-03-04,117.51604461669922,122.3135
2021-03-05,118.7779769897461,120.40066
2021-03-08,113.82807922363281,120.19247
2021-03-09,118.45515441894531,117.52836
2021-03-10,117.36931610107422,118.65364
2021-03-11,119.30623626708984,118.81627
2021-03-12,118.39645385742188,119.87411
2021-03-15,121.29203796386719,119.92114
2021-03-16,122.8376693725586,121.441986
2021-03-17,122.04531860351562,123.063484
2021-03-18,117.9073486328125,123.38466
2021-03-19,117.37908935546875,121.218765
2021-03-22,120.70512390136719,119.78974
2021-03-23,119.87359619140625,120.97859
2021-03-24,117.47691345214844,121.236694
2021-03-25,117.96605682373047,120.002106
2021-03-26,118.57254791259766,119.60801
2021-03-29,118.7486343383789,119.80717
2021-03-30,117.29106903076172,120.029625
2021-03-31,119.49211120605469,119.34505
2021-04-01,120.3236083984375,120.16319
2021-04-05,123.16049194335938,121.079636
2021-04-06,123.46376037597656,123.03541
2021-04-07,125.11698913574219,124.15852
2021-04-08,127.52349090576172,125.512886
2021-04-09,130.1060028076172,127.44549
2021-04-12,128.38429260253906,129.75833
2021-04-13,131.50486755371094,129.915
2021-04-14,129.15713500976562,131.53648
2021-04-15,131.57337951660156,131.10844
2021-04-16,131.24075317382812,132.08981
2021-04-19,131.90597534179688,132.4497
2021-04-20,130.213623046875,132.93597
2021-04-21,130.5951385498047,132.25731
2021-04-22,129.06907653808594,132.08205
2021-04-23,131.39727783203125,131.21289
2021-04-26,131.78860473632812,132.02637
2021-04-27,131.4657440185547,132.71303
2021-04-28,130.67337036132812,132.84503
2021-04-29,130.5755615234375,132.44475
2021-04-30,128.5995635986328,132.1767
2021-05-03,129.65603637695312,130.99907
2021-05-04,125.06806945800781,130.97331
2021-05-05,125.31262969970703,128.56125
2021-05-06,126.91694641113281,127.44134
2021-05-07,127.59310150146484,127.87245
2021-05-10,124.30059051513672,128.52794
2021-05-11,123.3795166015625,127.06507
2021-05-12,120.30259704589844,125.76647
2021-05-13,122.45838165283203,123.52189
2021-05-14,124.88853454589844,123.59778
2021-05-17,123.73225402832031,125.08498
2021-05-18,122.34080505371094,125.22698
2021-05-19,122.18401336669922,124.45602
2021-05-20,124.75135040283203,123.961365
2021-05-21,122.90913391113281,125.13643
2021-05-24,124.54557037353516,124.78385
2021-05-25,124.34960174560547,125.409645
2021-05-26,124.30059051513672,125.6511
2021-05-27,122.76214599609375,125.711426
2021-05-28,122.10562896728516,124.8986
2021-06-01,121.7822494506836,124.118996
2021-06-02,122.54658508300781,123.59022
2021-06-03,121.05713653564453,123.77593
2021-06-04,123.35990142822266,123.101006
2021-06-07,123.36968994140625,123.980034
2021-06-08,124.19281768798828,124.48327
2021-06-09,124.57496643066406,125.13332
2021-06-10,123.57546997070312,125.64573
2021-06-11,124.79055786132812,125.33307
2021-06-14,127.85765075683594,125.794785
2021-06-15,127.03453826904297,127.70768
2021-06-16,127.5343017578125,128.22974
2021-06-17,129.1413116455078,128.65233
2021-06-18,127.83806610107422,129.70659
2021-06-21,129.64111328125,129.5276
2021-06-22,131.28729248046875,130.34207
2021-06-23,131.01295471191406,131.66373
2021-06-24,130.728759765625,132.15308
2021-06-25,130.43479919433594,132.17378
2021-06-28,132.0712127685547,131.99788
2021-06-29,133.59007263183594,132.78758
2021-06-30,134.20741271972656,134.02654
2021-07-01,134.5111846923828,134.95341
2021-07-02,137.14712524414062,135.52214
2021-07-06,139.16572570800784,137.17813
2021-07-07,141.6645050048828,139.0878
2021-07-08,140.3612060546875,141.3188
2021-07-09,142.193603515625,141.6607
2021-07-12,141.5959014892578,142.68686
2021-07-13,142.7129669189453,142.88069
2021-07-14,146.1524200439453,143.52039
2021-07-15,145.49588012695312,145.68634
2021-07-16,143.4479217529297,146.41954
2021-07-19,139.5870361328125,145.57082
2021-07-20,143.2127227783203,143.01788
2021-07-21,142.477783203125,143.69453
2021-07-22,143.84967041015625,143.80914
2021-07-23,145.57427978515625,144.56178
2021-07-26,145.9956512451172,145.86841
2021-07-27,143.8202362060547,146.72453
2021-07-28,142.06622314453125,145.92242
2021-07-29,142.7129669189453,144.51501
2021-07-30,142.9285125732422,144.18336
2021-08-02,142.5953826904297,144.21408
2021-08-03,144.39840698242188,144.0713
2021-08-04,143.99664306640625,144.96126
2021-08-05,144.1044158935547,145.21516
2021-08-06,143.41744995117188,145.34929
2021-08-09,143.36839294433594,145.03514
2021-08-10,142.8875274658203,144.83826
2021-08-11,143.1427001953125,144.49815
2021-08-12,146.1162567138672,144.47093
2021-08-13,146.3223419189453,146.07126
2021-08-16,148.30470275878906,147.01205
2021-08-17,147.3920440673828,148.4624
2021-08-18,143.6333465576172,148.66801
2021-08-19,143.96705627441403,146.67337
2021-08-20,145.42929077148438,145.80852
2021-08-23,146.92095947265625,146.26807
2021-08-24,146.8326416015625,147.35817
2021-08-25,145.5961151123047,147.84656
2021-08-26,144.7913818359375,147.36986
2021-08-27,145.83164978027344,146.66219
2021-08-30,150.2674102783203,146.88293
2021-08-31,149.00149536132812,149.41557
2021-09-01,149.66879272460938,150.03586
2021-09-02,150.78758239746094,150.5588
2021-09-03,151.4254913330078,151.39154
2021-09-07,153.7709503173828,152.13348
2021-09-08,152.22036743164062,153.72195
2021-09-09,151.1997528076172,153.67175
2021-09-10,146.1947479248047,153.00487
2021-09-13,146.7639617919922,149.98691
2021-09-14,145.36058044433594,148.77176
2021-09-15,146.253662109375,147.57628
2021-09-16,146.01808166503906,147.50842
2021-09-17,143.33895874023438,147.41808
2021-09-20,140.27711486816406,145.93724
2021-09-21,140.75794982910156,143.53145
2021-09-22,143.13290405273438,142.63199
2021-09-23,144.09461975097656,143.58534
2021-09-24,144.1829376220703,144.64725
2021-09-27,142.6618194580078,145.18333
2021-09-28,139.26629638671875,144.57886
2021-09-29,140.16909790039062,142.41075
2021-09-30,138.86392211914062,141.80905
2021-10-01,139.99246215820312,140.92981
2021-10-04,136.5478973388672,141.1154
2021-10-05,138.48117065429688,139.41454
2021-10-06,139.35462951660156,139.55771
2021-10-07,140.62057495117188,140.2042
2021-10-08,140.2378387451172,141.20816
2021-10-11,140.1494903564453,141.48201
2021-10-12,138.87371826171875,141.51425
2021-10-13,138.284912109375,140.82967
2021-10-14,141.08177185058594,140.15727
2021-10-15,142.1417083740234,141.35252
2021-10-18,143.81980895996094,142.58202
2021-10-19,145.98867797851562,144.04512
2021-10-20,146.47933959960938,145.89027
2021-10-21,146.69525146484375,147.02023
2021-10-22,145.9199676513672,147.60979
2021-10-25,145.87091064453125,147.43327
2021-10-26,146.53822326660156,147.28229
2021-10-27,146.07701110839844,147.57487
2021-10-28,149.7277069091797,147.49037
2021-10-29,147.00929260253906,149.38414
2021-11-01,146.18495178222656,148.91568
2021-11-02,147.22518920898438,148.11612
2021-11-03,148.66783142089844,148.28934
2021-11-04,148.1476593017578,149.20125
2021-11-05,148.6783905029297,149.38458
2021-11-08,147.85281372070312,149.70781
2021-11-09,148.2164764404297,149.42265
2021-11-10,145.3761749267578,149.45052
2021-11-11,145.3270263671875,147.96214
2021-11-12,147.4105682373047,147.16362
2021-11-15,147.42041015625,147.95732
2021-11-16,148.40321350097656,148.42178
2021-11-17,150.85035705566406,149.13857
2021-11-18,155.1550750732422,150.79005
2021-11-19,157.78895568847656,153.90187
2021-11-22,158.25091552734375,156.81769
2021-11-23,158.63417053222656,158.3838
2021-11-24,159.15505981445312,159.22356
2021-11-26,154.11328125,159.84476
2021-11-29,157.48431396484375,157.42882
2021-11-30,162.457275390625,157.94513
2021-12-01,161.9364013671875,161.01373
2021-12-02,160.94378662109375,162.292
2021-12-03,159.05677795410156,162.23746
2021-12-06,162.47694396972656,161.1279
2021-12-07,168.2361602783203,162.38298
2021-12-08,172.06906127929688,166.16542
2021-12-09,171.5580291748047,170.0795
2021-12-10,176.3639373779297,171.60074
2021-12-13,172.71774291992188,174.70042
2021-12-14,171.3319854736328,174.28052
2021-12-15,176.2165069580078,173.14647
2021-12-16,169.297607421875,175.18257
2021-12-17,168.19686889648438,172.63658
2021-12-20,166.8307647705078,170.61647
2021-12-21,170.01502990722656,169.00401
2021-12-22,172.6194610595703,169.98557
2021-12-23,173.24844360351562,171.97078
2021-12-27,177.22882080078125,173.26724
2021-12-28,176.20668029785156,175.92409
2021-12-29,176.29515075683594,176.67561
2021-12-30,175.13543701171875,176.95108
2021-12-31,174.51626586914062,176.4366
2022-01-03,178.87991333007812,175.82945
2022-01-04,176.60963439941406,177.86053
2022-01-05,171.91184997558594,177.74461
2022-01-06,169.04208374023438,175.07268
2022-01-07,169.2091522216797,172.17912
2022-01-10,169.22877502441406,170.93674
2022-01-11,172.06906127929688,170.47977
2022-01-12,172.5113525390625,171.82372
2022-01-13,169.22877502441406,172.77652
2022-01-14,170.09368896484375,171.4418
2022-01-18,166.87991333007812,171.15317
2022-01-19,163.3712921142578,169.37773
2022-01-20,161.68084716796875,166.61137
2022-01-21,159.61697387695312,164.38904
2022-01-24,158.84056091308594,162.30705
2022-01-25,157.03224182128906,160.94861
2022-01-26,156.94374084472656,159.40427
2022-01-27,156.48184204101562,158.63647
2022-01-28,167.4007568359375,158.08263
2022-01-31,171.77427673339844,163.65567
2022-02-01,171.607177734375,168.88937
2022-02-02,172.8160400390625,171.1619
2022-02-03,169.9265594482422,172.66066
2022-02-04,169.64120483398435,171.76859
2022-02-07,168.9228515625,171.07207
2022-02-08,172.04229736328125,170.39072
2022-02-09,173.46917724609375,171.74081
2022-02-10,169.37551879882812,173.23772
2022-02-11,165.95101928710938,171.75685
2022-02-14,166.18719482421875,169.08296
2022-02-15,170.03482055664062,167.91919
2022-02-16,169.7986602783203,169.52515
2022-02-17,166.18719482421875,170.29807
2022-02-18,164.63241577148438,168.67845
2022-02-22,161.69989013671875,166.96732
2022-02-23,157.51768493652344,164.62074
2022-02-24,160.14508056640625,161.28204
2022-02-25,162.221435546875,161.09753
2022-02-28,162.4871368408203,162.30838
2022-03-01,160.59774780273438,163.08243
2022-03-02,163.9041748046875,162.39853
2022-03-03,163.5794219970703,163.75702
2022-03-04,160.56822204589844,164.32722
2022-03-07,156.75994873046875,162.9349
2022-03-08,154.92959594726562,160.1504
2022-03-09,160.3517608642578,157.81927
2022-03-10,155.99237060546875,159.67557
2022-03-11,152.2628173828125,158.4504
2022-03-14,148.21835327148438,155.70822
2022-03-15,152.61708068847656,152.19975
2022-03-16,157.04534912109375,152.90189
2022-03-17,158.05889892578125,155.84166
2022-03-18,161.36529541015625,157.856
2022-03-21,162.7429962158203,160.47798
2022-03-22,166.128173828125,162.4443
2022-03-23,167.49598693847656,165.10425
2022-03-24,171.29444885253906,167.0895
2022-03-25,171.93406677246094,169.97513
2022-03-28,172.800048828125,171.68887
2022-03-29,176.10646057128906,172.8631
2022-03-30,174.9354248046875,175.12383
2022-03-31,171.8258056640625,175.60419
2022-04-01,171.53060913085938,174.07121
2022-04-04,175.59475708007812,173.09929
2022-04-05,172.26866149902344,174.84924
2022-04-06,169.0901336669922,174.04951
2022-04-07,169.39520263671875,171.84395
2022-04-08,167.37789916992188,170.91676
2022-04-11,163.1071014404297,169.50017
2022-04-12,164.98663330078125,166.55183
2022-04-13,167.68295288085938,166.11275
2022-04-14,162.6544189453125,167.49608
2022-04-18,162.4379425048828,165.55869
2022-04-19,164.7307586669922,164.35493
2022-04-20,164.5635223388672,165.06949
2022-04-21,163.76641845703125,165.42078
2022-04-22,159.2102508544922,165.13232
2022-04-25,160.28285217285156,162.53368
2022-04-26,154.29977416992188,161.77911
2022-04-27,154.07347106933594,158.35483
2022-04-28,161.03073120117188,156.50677
2022-04-29,155.13623046875,159.46896
2022-05-02,155.4412841796875,157.96576
2022-05-03,156.93702697753906,157.16605
2022-05-04,163.372802734375,157.64102
2022-05-05,154.27029418945312,161.36465
2022-05-06,154.99954223632812,158.40553
2022-05-09,149.855224609375,157.03671
2022-05-10,152.26971435546875,153.76175
2022-05-11,144.3758544921875,153.44139
2022-05-12,140.4929656982422,149.25021
2022-05-13,144.97698974609375,145.01439
2022-05-16,143.4297637939453,145.47742
2022-05-17,147.07614135742188,145.14305
2022-05-18,138.7782440185547,146.88861
2022-05-19,135.3585205078125,143.3599
2022-05-20,135.59503173828125,139.58382
2022-05-23,141.03500366210938,137.96834
2022-05-24,138.3248748779297,140.28098
2022-05-25,138.48252868652344,140.12047
2022-05-26,141.69529724121094,139.9749
2022-05-27,147.4703369140625,141.63147
2022-05-31,146.681884765625,145.59325
2022-06-01,146.55380249023438,147.1209
2022-06-02,149.01756286621094,147.60097
2022-06-03,143.27210998535156,149.07816
2022-06-06,144.02105712890625,146.73996
2022-06-07,146.55380249023438,145.84311
2022-06-08,145.81468200683594,146.88203
2022-06-09,140.57180786132812,147.08023
2022-06-10,135.14170837402344,144.3083
2022-06-13,129.9678497314453,139.94438
2022-06-14,130.83506774902344,135.07004
2022-06-15,133.46636962890625,133.27458
2022-06-16,128.1741943359375,134.05437
2022-06-17,129.6524658203125,131.71585
2022-06-21,133.89996337890625,131.24332
2022-06-22,133.3875274658203,133.42328
2022-06-23,136.26516723632812,134.30403
2022-06-24,139.60598754882812,136.17014
2022-06-27,139.60598754882812,138.87712
2022-06-28,135.4472198486328,140.16599
2022-06-29,137.21127319335938,138.4354
2022-06-30,134.73765563964844,138.40968
2022-07-01,136.91558837890625,137.17694
2022-07-05,139.50746154785156,137.71114
2022-07-06,140.84774780273438,139.45677
2022-07-07,144.22802734375,141.04808
2022-07-08,144.90802001953125,143.57848
2022-07-11,142.7694854736328,145.15733
2022-07-12,143.74513244628906,144.67542
2022-07-13,143.38047790527344,144.85512
2022-07-14,146.31729125976562,144.78584
2022-07-15,147.99261474609375,146.31523
2022-07-18,144.93759155273438,148.01056
2022-07-19,148.81060791015625,147.15968
2022-07-20,150.8209991455078,148.69092
2022-07-21,153.09751892089844,150.61386
2022-07-22,151.85580444335938,152.73412
2022-07-25,150.73231506347656,153.05185
2022-07-26,149.40191650390625,152.48853
2022-07-27,154.51661682128906,151.46931
2022-07-28,155.0685577392578,153.71346
2022-07-29,160.15371704101562,155.23354
2022-08-01,159.168212890625,158.59671
2022-08-02,157.68995666503906,159.7192
2022-08-03,163.7212371826172,159.30827
2022-08-04,163.40586853027344,162.24594
2022-08-05,163.1788787841797,163.6253
2022-08-08,162.70521545410156,164.04121
2022-08-09,162.75453186035156,163.92372
2022-08-10,167.017822265625,163.86777
2022-08-11,166.27764892578125,166.11754
2022-08-12,169.84027099609375,166.89172
2022-08-15,170.91595458984375,169.04967
2022-08-16,170.75804138183594,170.69052
2022-08-17,172.25808715820312,171.32538
2022-08-18,171.8633575439453,172.35295
2022-08-19,169.26788330078125,172.6391
2022-08-22,165.36973571777344,171.34984
2022-08-23,165.0342254638672,168.5981
2022-08-24,165.3302459716797,167.07877
2022-08-25,167.7974395751953,166.61885
2022-08-26,161.4716033935547,167.78365
2022-08-29,159.26101684570312,165.04524
2022-08-30,156.82345581054688,162.37903
2022-08-31,155.1556396484375,159.86618
2022-09-01,155.8859100341797,157.83649
2022-09-02,153.76412963867188,157.32582
2022-09-06,152.5009307861328,156.0479
2022-09-07,153.91221618652344,154.7381
2022-09-08,152.431884765625,154.88841
2022-09-09,155.3036651611328,154.25159
2022-09-12,161.28408813476562,155.44362
2022-09-13,151.82000732421875,159.28708
2022-09-14,153.2707061767578,156.14925
2022-09-15,150.36932373046875,155.06616
2022-09-16,148.72125244140625,153.14851
2022-09-19,152.4515838623047,151.34073
2022-09-20,154.83982849121094,152.51619
2022-09-21,151.70159912109375,154.50911
2022-09-22,150.73446655273438,153.78883
2022-09-23,148.45477294921875,152.77568
2022-09-26,148.7903289794922,151.07608
2022-09-27,149.76731872558594,150.43782
2022-09-28,147.87254333496094,150.73352
2022-09-29,140.6091766357422,149.91011
2022-09-30,136.38536071777344,145.57175
2022-10-03,140.57958984375,141.10599
2022-10-04,144.18165588378906,141.30746
2022-10-05,144.4777069091797,143.61423
2022-10-06,143.52044677734375,144.95033
2022-10-07,138.2505340576172,144.98317
2022-10-10,138.57620239257812,142.08904
2022-10-11,137.15512084960938,140.7618
2022-10-12,136.52352905273438,139.48866
2022-10-13,141.1124725341797,138.56947
2022-10-14,136.56300354003906,140.63272
2022-10-17,140.54013061523438,139.31404
2022-10-18,141.86248779296875,140.6363
2022-10-19,141.97105407714844,142.11174
2022-10-20,141.50723266601562,142.8525
2022-10-21,145.33627319335938,142.897
2022-10-24,147.48765563964844,144.92876
2022-10-25,150.33969116210938,147.13257
2022-10-26,147.3889923095703,149.67711
2022-10-27,142.89874267578125,149.28246
2022-10-28,153.69505310058594,146.51962
2022-10-31,151.32659912109375,150.89645
2022-11-01,148.67189025878906,152.06827
2022-11-02,143.1256866455078,150.9871
2022-11-03,137.05645751953125,147.38766
2022-11-04,136.78955078125,142.33612
2022-11-07,137.32334899902344,139.79669
2022-11-08,137.89666748046875,139.07549
2022-11-09,133.3198699951172,139.16096
2022-11-10,145.18197631835938,136.7848
2022-11-11,147.97943115234375,141.9105
2022-11-14,146.57574462890625,146.20865
2022-11-15,148.31553649902344,147.3649
2022-11-16,147.07989501953125,148.63199
2022-11-17,148.9877471923828,148.55928
2022-11-18,149.55116271972656,149.46948
2022-11-21,146.30886840820312,150.25063
2022-11-22,148.45391845703125,148.8666
2022-11-23,149.33372497558597,149.25316
2022-11-25,146.40774536132812,150.01111
2022-11-28,142.56243896484372,148.81439
2022-11-29,139.54747009277344,146.08827
2022-11-30,146.32864379882812,143.13284
2022-12-01,146.6054229736328,145.4042
2022-12-02,146.11119079589844,146.90868
2022-12-05,144.9447479248047,147.28041
2022-12-06,141.26748657226562,146.75417
2022-12-07,139.32012939453125,144.48743
2022-12-08,141.01048278808594,142.30092
2022-12-09,140.526123046875,142.21405
2022-12-12,142.82933044433594,142.04216
2022-12-13,143.798095703125,143.19131
2022-12-14,141.5640411376953,144.31465
2022-12-15,134.93115234375,143.62646
2022-12-16,132.96401977539062,139.63918
2022-12-19,130.84861755371094,136.55722
2022-12-20,130.77943420410156,134.06602
2022-12-21,133.89321899414062,132.92357
2022-12-22,130.71022033691406,134.1551
2022-12-23,130.344482421875,133.14775
2022-12-27,128.5355224609375,132.34766
2022-12-28,124.59137725830078,131.0181
2022-12-29,128.12034606933594,128.25026
2022-12-30,128.43667602539062,128.79446
2023-01-03,123.63253021240234,129.4163
2023-01-04,124.90771484375,127.113625
2023-01-05,123.5831069946289,126.56426
2023-01-06,128.13021850585938,125.705925
2023-01-09,128.65414428710938,127.74258
2023-01-10,129.2274627685547,129.13367
2023-01-11,131.95574951171875,130.0368
2023-01-12,131.8766632080078,131.88786
2023-01-13,133.21115112304688,132.75117
2023-01-17,134.37759399414062,133.80429
2023-01-18,133.65599060058594,134.92703
2023-01-19,133.71533203125,135.05896
2023-01-20,136.28543090820312,135.09262
2023-01-23,139.4882049560547,136.48602
2023-01-24,140.89183044433594,138.92891
2023-01-25,140.22952270507812,140.8646
2023-01-26,142.305419921875,141.36401
2023-01-27,144.25277709960938,142.62051
2023-01-30,141.35646057128906,144.28867
2023-01-31,142.63162231445312,143.52574
2023-02-01,143.75852966308594,143.71497
2023-02-02,149.08657836914062,144.46724
2023-02-03,152.7242889404297,147.7014
2023-02-06,149.98609924316406,151.27731
2023-02-07,152.8725280761719,151.46732
2023-02-08,150.17393493652344,152.89336
2023-02-09,149.135986328125,152.18153
2023-02-10,149.50230407714844,151.17464
2023-02-13,152.31398010253906,150.89671
2023-02-14,151.67042541503906,152.3203
2023-02-15,153.77919006347656,152.73093
2023-02-16,152.17535400390625,153.98355
2023-02-17,151.02694702148438,153.75043
2023-02-21,146.99757385253906,152.94026
2023-02-22,147.42327880859375,150.38083
2023-02-23,147.90838623046875,149.33427
2023-02-24,145.2452392578125,149.20882
2023-02-27,146.4431610107422,147.7802
2023-02-28,145.93824768066406,147.68747
2023-03-01,143.85922241210938,147.45465
2023-03-02,144.45323181152344,146.22362
2023-03-03,149.52210998535156,145.91675
2023-03-06,152.29415893554688,148.54636
2023-03-07,150.08642578125,151.40787
2023-03-08,151.34373474121094,151.54604
2023-03-09,149.08648681640625,152.11548
2023-03-10,147.01736450195312,151.19696
2023-03-13,148.9676818847656,149.58151
2023-03-14,151.06654357910156,149.84737
2023-03-15,151.46253967285156,151.20764
2023-03-16,154.29397583007812,152.10681
2023-03-17,153.4524688720703,154.00182
2023-03-20,155.8284912109375,154.47835
2023-03-21,157.6897430419922,155.87933
2023-03-22,156.2542266845703,157.57048
2023-03-23,157.34323120117188,157.59567
2023-03-24,158.65005493164062,158.08917
2023-03-27,156.69972229003906,159.04294
2023-03-28,156.07601928710938,158.46786
2023-03-29,159.16488647460938,157.78134
2023-03-30,160.73898315429688,159.11122
2023-03-31,163.25363159179688,160.68098
2023-04-03,164.51092529296875,162.75125
2023-04-04,163.97633361816406,164.39586
2023-04-05,162.12498474121094,164.83693
2023-04-06,163.0160369873047,163.98196
2023-04-10,160.41229248046875,163.99117
2023-04-11,159.19456481933594,162.6638
2023-04-12,158.50155639648438,161.32951
2023-04-13,163.9070587158203,160.35176
2023-04-14,163.560546875,162.80716
2023-04-17,163.580322265625,163.95003
2023-04-18,164.80796813964844,164.40001
2023-04-19,165.95639038085938,165.2166
2023-04-20,164.9861602783203,166.22331
2023-04-21,163.37242126464844,166.17903
2023-04-24,163.67933654785156,165.23784
2023-04-25,162.13491821289062,164.91946
2023-04-26,162.12498474121094,163.99124
2023-04-27,166.72857666015625,163.5259
2023-04-28,167.98590087890625,165.79161
2023-05-01,167.89682006835938,167.65807
2023-05-02,166.8572998046875,168.43622
2023-05-03,165.77816772460938,168.17296
2023-05-04,164.13473510742188,167.41801
2023-05-05,171.8370819091797,166.17197
2023-05-08,171.7677764892578,169.6691
2023-05-09,170.0550537109375,171.51428
2023-05-10,171.82716369628906,171.3451
2023-05-11,172.0152587890625,172.08833
2023-05-12,171.08335876464844,172.58487
2023-05-15,170.58767700195312,172.30382
2023-05-16,170.58767700195312,171.86757
2023-05-17,171.20233154296875,171.66116
2023-05-18,173.5419921875,171.9083
2023-05-19,173.65106201171875,173.28993
2023-05-22,172.69932556152344,174.04597
2023-05-23,170.08206176757812,173.84795
2023-05-24,170.3596649169922,172.31215
2023-05-25,171.499755859375,171.68013
2023-05-26,173.91873168945312,172.05284
2023-05-30,175.77261352539062,173.56621
2023-05-31,175.72305297851562,175.30632
2023-06-01,178.53858947753906,176.08597
2023-06-02,179.39117431640625,177.87447
2023-06-05,178.032958984375,179.20288
2023-06-06,177.66616821289062,179.06349
2023-06-07,176.28814697265625,178.72011
2023-06-08,179.01443481445312,177.82498
2023-06-09,179.40109252929688,178.82921
2023-06-12,182.20669555664062,179.60701
2023-06-13,181.73085021972656,181.43082
2023-06-14,182.36532592773438,182.07349
2023-06-15,184.4075927734375,182.63112
2023-06-16,183.32696533203125,183.9604
2023-06-20,183.41619873046875,184.0436
2023-06-21,182.375244140625,184.05551
2023-06-22,185.38905334472656,183.50926
2023-06-23,185.07179260253906,184.81981
2023-06-26,183.67396545410156,185.36198
2023-06-27,186.43992614746094,184.82523
2023-06-28,187.6196746826172,185.97655
2023-06-29,187.9567413330078,187.22528
2023-06-30,192.2990264892578,187.97766
2023-07-03,190.80203247070312,190.57753
2023-07-05,189.68174743652344,191.0854
2023-07-06,190.15760803222656,190.6031
2023-07-07,189.03732299804688,190.5781
2023-07-10,186.98521423339844,190.00723
2023-07-11,186.45974731445312,188.63524
2023-07-12,188.1352081298828,187.68674
2023-07-13,188.8985595703125,188.16377
2023-07-14,189.04725646972656,188.86772
2023-07-17,192.31881713867188,189.27849
2023-07-18,192.0610809326172,191.16887
2023-07-19,193.41928100585938,191.98207
2023-07-20,191.4662628173828,193.00194
2023-07-21,190.28651428222656,192.45297
2023-07-24,191.08950805664062,191.4904
2023-07-25,191.9520263671875,191.45248
2023-07-26,192.82444763183594,191.94568
2023-07-27,191.55548095703125,192.66081
2023-07-28,194.14300537109375,192.33195
2023-07-31,194.7576141357422,193.48044
2023-08-01,193.9248809814453,194.41504
2023-08-02,190.9209747314453,194.39017
2023-08-03,189.5231170654297,192.74289
2023-08-04,180.42222595214844,191.16199
2023-08-07,177.3092803955078,185.64732
2023-08-08,178.25108337402344,181.25304
2023-08-09,176.65496826171875,179.81512
2023-08-10,176.43682861328125,178.48817
2023-08-11,176.4964141845703,177.76732
2023-08-14,178.15426635742188,177.50029
2023-08-15,176.1588897705078,178.27779
2023-08-16,175.28529357910156,177.63411
2023-08-17,172.73397827148438,176.78899
2023-08-18,173.22042846679688,175.03783
2023-08-21,174.5605926513672,174.44168
2023-08-22,175.9404754638672,174.94884
2023-08-23,179.80218505859375,175.97543
2023-08-24,175.0966796875,178.51636
2023-08-25,177.31044006347656,177.27287
2023-08-28,178.8789520263672,177.65034
2023-08-29,182.78033447265625,178.75214
2023-08-30,186.28466796875,181.36102
2023-08-31,186.5030517578125,184.49019
2023-09-01,188.0814971923828,186.06212
2023-09-05,188.31976318359375,187.51872
2023-09-06,181.5791778564453,188.30464
2023-09-07,176.26808166503906,185.07033
2023-09-08,176.88356018066406,180.55164
2023-09-11,178.0550079345703,178.74556
2023-09-12,175.01727294921875,178.70659
2023-09-13,172.94247436523438,177.18367
2023-09-14,174.46131896972656,175.29614
2023-09-15,173.7366485595703,175.21584
2023-09-18,176.6750946044922,174.90094
2023-09-19,177.76710510253906,176.29642
2023-09-20,174.21315002441406,177.61078
2023-09-21,172.6644744873047,176.31998
2023-09-22,173.51821899414062,174.75294
2023-09-25,174.7988739013672,174.47578
2023-09-26,170.70884704589844,175.10623
2023-09-27,169.18995666503906,173.27806
2023-09-28,169.44805908203125,171.48853
2023-09-29,169.9642791748047,170.81175
2023-10-02,172.4857940673828,170.84326
2023-10-03,171.1456298828125,172.23634
2023-10-04,172.39645385742188,172.2401
2023-10-05,173.6373748779297,172.81966
2023-10-06,176.1986083984375,173.77647
2023-10-09,177.6876678466797,175.59265
2023-10-10,177.092041015625,177.26094
2023-10-11,178.49179077148438,177.6976
2023-10-12,179.39517211914062,178.56512
2023-10-13,177.5487060546875,179.46709
2023-10-16,177.41964721679688,178.90538
2023-10-17,175.86105346679688,178.49536
2023-10-18,174.5605926513672,177.49483
2023-10-19,174.18336486816406,176.31575
2023-10-20,171.62213134765625,175.56836
2023-10-23,171.74127197265625,173.89528
2023-10-24,172.17807006835938,173.13876
2023-10-25,169.8551025390625,173.07959
2023-10-26,165.67572021484375,171.8596
2023-10-27,166.99603271484375,169.01018
2023-10-30,169.05096435546875,168.31259
2023-10-31,169.52749633789062,169.21484
2023-11-01,172.7042236328125,169.97281
2023-11-02,176.27801513671875,171.99248
2023-11-03,175.36471557617188,174.8819
2023-11-06,177.92591857910156,175.76631
2023-11-07,180.49710083007812,177.40547
2023-11-08,181.55931091308594,179.56102
2023-11-09,181.0828094482422,181.13838
2023-11-10,185.28753662109375,181.57332
2023-11-13,183.6970977783203,183.92729
2023-11-14,186.3213653564453,184.2791
2023-11-15,186.88795471191406,185.70683
2023-11-16,188.57781982421875,186.7241
2023-11-17,188.5579071044922,188.05626
2023-11-20,190.3074188232422,188.67415
2023-11-21,189.5022430419922,189.83679
2023-11-22,190.16824340820312,189.97769
2023-11-24,188.83624267578125,190.33383
2023-11-27,188.65731811523438,189.81015
2023-11-28,189.263671875,189.4269
2023-11-29,188.2398223876953,189.58192
2023-11-30,188.81637573242188,189.14624
2023-12-01,190.09866333007812,189.21632
2023-12-04,188.29946899414062,189.95395
2023-12-05,192.26565551757812,189.3819
2023-12-06,191.17222595214844,191.13058
2023-12-07,193.11058044433594,191.49065
2023-12-08,194.5419921875,192.59058
2023-12-11,192.02706909179688,193.88876
2023-12-12,193.54798889160156,193.17049
2023-12-13,196.778564453125,193.52426
2023-12-14,196.92767333984375,195.44852
2023-12-15,196.39089965820312,196.4972
2023-12-18,194.72091674804688,196.64093
2023-12-19,195.76466369628906,195.77737
2023-12-20,193.66725158691406,195.87486
2023-12-21,193.51812744140625,194.8769
2023-12-22,192.444580078125,194.27963
2023-12-26,191.89788818359375,193.46797
2023-12-27,191.99725341796875,192.79782
2023-12-28,192.4247283935547,192.5527
2023-12-29,191.38096618652344,192.69011
2024-01-02,184.53208923339844,192.22505
2024-01-03,183.15037536621094,188.36795
2024-01-04,180.82437133789062,185.67848
2024-01-05,180.0986785888672,183.29448
2024-01-08,184.4525604248047,181.84012
2024-01-09,184.0350799560547,183.52887
2024-01-10,185.07879638671875,184.26144
2024-01-11,184.48236083984375,185.08318
2024-01-12,184.8104248046875,185.14546
2024-01-16,182.53408813476562,185.30038
2024-01-17,181.58973693847656,184.17502
2024-01-18,187.50424194335938,183.08713
2024-01-19,190.41676330566406,185.71606
2024-01-22,192.7328338623047,188.67007
2024-01-23,194.01513671875,191.25107
2024-01-24,193.33921813964844,193.07771
2024-01-25,193.01116943359375,193.51103
2024-01-26,191.27162170410156,193.45656
2024-01-29,190.58575439453125,192.49242
2024-01-30,186.91775512695312,191.64215
2024-01-31,183.29949951171875,189.33284
2024-02-01,185.74481201171875,186.28659
2024-02-02,184.7408447265625,186.14554
2024-02-05,186.55992126464844,185.72437
2024-02-06,188.1702423095703,186.4714
2024-02-07,188.27960205078125,187.72728
2024-02-08,187.1960906982422,188.38449
2024-02-09,187.96246337890625,188.07538
2024-02-12,186.27044677734375,188.28073
2024-02-13,184.17037963867188,187.51405
2024-02-14,183.28456115722656,185.99936
2024-02-15,182.99594116210938,184.79771
2024-02-16,181.4532012939453,184.11687
2024-02-20,180.7067413330078,183.02196
2024-02-21,181.46316528320312,182.10202
2024-02-22,183.50350952148438,182.09132
2024-02-23,181.66224670410156,183.21672
2024-02-26,180.30860900878906,182.82275
2024-02-27,181.77171325683594,181.83469
2024-02-28,180.56739807128906,182.12189
2024-02-29,179.90054321289062,181.6927
2024-03-01,178.81565856933594,181.10059
2024-03-04,174.277099609375,180.24686
2024-03-05,169.32049560546875,177.4386
2024-03-06,168.3251953125,173.41106
2024-03-07,168.20574951171875,170.97174
2024-03-08,169.92762756347656,169.88934
2024-03-11,171.93814086914062,170.38748
2024-03-12,172.41586303710938,171.77171
2024-03-13,170.3257598876953,172.70459
2024-03-14,172.1869659423828,171.9899
2024-03-15,171.80874633789062,172.55101
2024-03-18,172.90357971191406,172.68338
2024-03-19,175.25250244140625,173.2984
2024-03-20,177.83030700683594,174.85336
2024-03-21,170.56460571289062,176.98419
2024-03-22,171.4703369140625,174.13914
2024-03-25,170.0470733642578,173.02428
2024-03-26,168.9124298095703,171.86821
2024-03-27,172.49549865722656,170.73659
2024-03-28,170.67408752441406,172.12335
2024-04-01,169.23092651367188,171.93968
2024-04-02,168.04649353027344,170.99246
2024-04-03,168.8527069091797,169.88461
2024-04-04,168.026611328125,169.79779
2024-04-05,168.7830352783203,169.3803
2024-04-08,167.65834045410156,169.57039
2024-04-09,168.8726043701172,169.09503
2024-04-10,166.99147033691406,169.48207
2024-04-11,174.2173614501953,168.71045
2024-04-12,175.72027587890625,172.12402
2024-04-15,171.87841796875,174.72916
2024-04-16,168.583984375,173.82932
2024-04-17,167.21046447753906,171.46008
2024-04-18,166.2549591064453,169.56503
2024-04-19,164.2245635986328,168.22408
2024-04-22,165.0605926513672,166.5662
2024-04-23,166.11561584472656,166.23401
2024-04-24,168.2256622314453,166.72168
2024-04-25,169.09158325195312,168.11241
2024-04-26,168.5043487548828,169.25865
2024-04-29,172.68460083007812,169.45277
2024-04-30,169.5294952392578,171.70285
2024-05-01,168.5043487548828,171.17911
2024-05-02,172.21682739257812,170.2289
2024-05-03,182.51817321777344,171.74342
2024-05-06,180.8560333251953,178.03922
2024-05-07,181.5427703857422,180.31693
2024-05-08,181.88119506835938,181.47514
2024-05-09,183.70260620117188,182.11906
2024-05-10,182.4368438720703,183.34938
2024-05-13,185.65603637695312,183.28165
2024-05-14,186.8021697998047,184.87636
2024-05-15,189.08450317382812,186.31056
2024-05-16,189.2041015625,188.15903
2024-05-17,189.2340087890625,189.09088
2024-05-20,190.4000701904297,189.47868
2024-05-21,191.70570373535156,190.24
2024-05-22,190.26055908203125,191.29922
2024-05-23,186.2540283203125,191.0412
2024-05-24,189.3436279296875,188.73647
2024-05-28,189.35360717773438,189.19516
2024-05-29,189.652587890625,189.57661
2024-05-30,190.6492462158203,189.90231
2024-05-31,191.6060333251953,190.57137
2024-06-03,193.38006591796875,191.39978
2024-06-04,193.69900512695312,192.71942
2024-06-05,195.21389770507812,193.51749
2024-06-06,193.8285369873047,194.64638
2024-06-07,196.23048400878906,194.45367
2024-06-10,192.4730987548828,195.55055
2024-06-11,206.4561004638672,194.15498
2024-06-12,212.35630798339844,200.70316
2024-06-13,213.52236938476562,207.23428
2024-06-14,211.77822875976562,210.80716
2024-06-17,215.94422912597656,211.35016
2024-06-18,213.57218933105472,213.59404
2024-06-20,208.97763061523438,213.48993
2024-06-21,206.7949981689453,210.91719
2024-06-24,207.4427947998047,208.46957
2024-06-25,208.36968994140625,207.70741
2024-06-26,212.5356903076172,207.94603
2024-06-27,213.3828582763672,210.28404
2024-06-28,209.91448974609375,211.91006
2024-07-01,216.02395629882812,210.79826
2024-07-02,219.53216552734375,213.31203
2024-07-03,220.80787658691406,216.49294
2024-07-05,225.5818328857422,218.63925
2024-07-08,227.056884765625,222.02698
2024-07-09,227.9139862060547,224.40472
2024-07-10,232.1995849609375,225.87177
2024-07-11,226.80772399902344,228.70093
2024-07-12,229.76776123046875,227.28949
2024-07-15,233.61483764648438,227.93312
2024-07-16,234.033447265625,230.33514
2024-07-17,228.1133270263672,231.74718
2024-07-18,223.42906188964844,229.28093
2024-07-19,223.5586395263672,225.51605
2024-07-22,223.20982360839844,223.80101
2024-07-23,224.25628662109375,222.96327
2024-07-24,217.8079376220703,223.17331
2024-07-25,216.76148986816406,219.98528
2024-07-26,217.2299041748047,217.78938
2024-07-29,217.50897216796875,217.09146
2024-07-30,218.06710815429688,217.00392
2024-07-31,221.3361053466797,217.28531
2024-08-01,217.62855529785156,219.1266
2024-08-02,219.12355041503906,218.12892
2024-08-05,208.56903076171875,218.28204
2024-08-06,206.5358428955078,212.93025
2024-08-07,209.11717224121094,209.11044
2024-08-08,212.59547424316406,208.81177
2024-08-09,215.51568603515625,210.69368
2024-08-12,217.0522918701172,213.19139
2024-08-13,220.78408813476562,215.15596
2024-08-14,221.23309326171875,217.95131
2024-08-15,224.22650146484375,219.50317
2024-08-16,225.5535888671875,221.68697
2024-08-19,225.3939208984375,223.40628
2024-08-20,226.0125732421875,224.08101
2024-08-21,225.90281677246094,224.65045
2024-08-22,224.0369110107422,224.8509
2024-08-23,226.3418426513672,223.95915
2024-08-26,226.68109130859375,224.68513
2024-08-27,227.52923583984375,225.28775
2024-08-28,225.99261474609375,225.99295
2024-08-29,229.28536987304688,225.52612
2024-08-30,228.49710083007812,226.94685
2024-09-03,222.28079223632812,227.29749
2024-09-04,220.36500549316406,224.18034
2024-09-05,221.8916473388672,221.56938
2024-09-06,220.33506774902344,221.20615
2024-09-09,220.4248809814453,220.36575
2024-09-10,219.62661743164062,219.99902
2024-09-11,222.17103576660156,219.44357
2024-09-12,222.28079223632812,220.49628
2024-09-13,222.01136779785156,221.12398
2024-09-16,215.84495544433594,221.24228
2024-09-17,216.31390380859375,218.06616
2024-09-18,220.20535278320312,216.67256
2024-09-19,228.3673858642578,218.16545
2024-09-20,227.6988525390625,223.23618
2024-09-23,225.97265625,225.40076
2024-09-24,226.8706817626953,225.3183
2024-09-25,225.8728790283203,225.61601
2024-09-26,227.02035522460938,225.26263
2024-09-27,227.2897491455078,225.66034
2024-09-30,232.48831176757812,226.02692
2024-10-01,225.71322631835938,228.87468
2024-10-02,226.28196716308594,226.81837
2024-10-03,225.17440795898438,225.89093
2024-10-04,226.30194091796875,224.96703
2024-10-07,221.2031707763672,225.13141
2024-10-08,225.27420043945312,222.63136
2024-10-09,229.03591918945312,223.44505
2024-10-10,228.53700256347656,225.95256
2024-10-11,227.05029296875,226.93037
2024-10-14,230.79205322265625,226.51482
2024-10-15,233.33645629882812,228.17642
2024-10-16,231.27099609375,230.36552
2024-10-17,231.6401824951172,230.3269
2024-10-18,234.4839324951172,230.37057
2024-10-21,235.96067810058594,231.86284
2024-10-22,235.342041015625,233.38692
2024-10-23,230.25323486328125,233.76369
2024-10-24,230.06365966796875,231.24956
2024-10-25,230.9018096923828,229.84392
2024-10-28,232.88743591308594,229.70575
2024-10-29,233.15684509277344,230.74019
2024-10-30,229.59469604492188,231.41554
2024-10-31,225.4138946533203,229.86382
2024-11-01,222.4204864501953,226.86955
2024-11-04,221.52244567871094,223.87708
2024-11-05,222.95928955078125,222.05226
2024-11-06,222.23089599609375,222.03352
2024-11-07,226.98043823242188,221.74965
2024-11-08,226.7107391357422,224.05707
2024-11-11,223.98373413085938,225.11435
2024-11-12,223.98373413085938,224.10767
2024-11-13,224.8727569580078,223.52893
2024-11-14,227.9693603515625,223.75261
2024-11-15,224.7528839111328,225.50214
2024-11-18,227.7695770263672,224.72363
2024-11-19,228.02928161621094,225.78004
2024-11-20,228.7484893798828,226.50311
2024-11-21,228.26902770996094,227.18343
2024-11-22,229.61753845214844,227.2432
2024-11-25,232.61424255371094,227.93114
2024-11-26,234.8018341064453,229.82669
2024-11-27,234.67198181152344,231.88495
2024-11-29,237.06935119628906,232.76276
2024-12-02,239.3268585205078,234.32652
2024-12-03,242.3834991455078,236.23859
2024-12-04,242.74310302734375,238.69633
2024-12-05,242.7730712890625,240.03036
2024-12-06,242.5732879638672,240.58887
2024-12-09,246.47900390625,240.69946
2024-12-10,247.4978790283203,242.72568
2024-12-11,246.2192840576172,244.28029
2024-12-12,247.68768310546875,244.30705
2024-12-13,247.85748291015625,244.98315
2024-12-16,250.7642822265625,245.41798
2024-12-17,253.20159912109375,247.08592
2024-12-18,247.77757263183594,249.15703
2024-12-19,249.51565551757812,247.3576
2024-12-20,254.21051025390625,247.20543
2024-12-23,254.98965454101562,249.62654
2024-12-24,257.91644287109375,251.27075
2024-12-26,258.7355041503906,253.45673
2024-12-27,255.30929565429688,254.89615
2024-12-30,251.9230194091797,253.76945
2024-12-31,250.1449737548828,251.39229
2025-01-02,243.5821990966797,249.34096
2025-01-03,243.0927276611328,245.082
2025-01-06,244.73092651367188,242.77019
2025-01-07,241.94400024414062,242.67052
2025-01-08,242.43344116210938,241.32309
2025-01-10,236.58987426757812,240.88324
2025-01-13,234.14256286621094,237.736
2025-01-14,233.02378845214844,234.88722
2025-01-15,237.60874938964844,233.033
2025-01-16,228.00930786132812,234.60242
2025-01-17,229.7274169921875,230.56833
2025-01-21,222.39547729492188,229.28816
2025-01-22,223.58416748046875,225.07787
2025-01-23,223.41436767578125,223.60345
2025-01-24,222.5353240966797,223.0027
2025-01-27,229.6075439453125,222.3197
2025-01-28,237.99832153320312,225.65448
2025-01-29,239.0971221923828,231.71979
2025-01-30,237.3290557861328,235.19151
2025-01-31,235.74081420898438,235.70541
2025-02-03,227.75958251953125,234.95428
2025-02-04,232.54432678222656,230.43556
2025-02-05,232.21469116210938,230.63644
2025-02-06,232.9638671875,230.83861
2025-02-07,227.3800048828125,231.31467
2025-02-10,227.64999389648438,228.66634
2025-02-11,232.6199951171875,227.41875
2025-02-12,236.8699951171875,229.49783
2025-02-13,241.52999877929688,232.8211
2025-02-14,244.60000610351562,236.7901
2025-02-18,244.47000122070312,240.19885
2025-02-19,244.8699951171875,241.6473
2025-02-20,245.8300018310547,242.39915
2025-02-21,245.5500030517578,243.19708
2025-02-24,247.10000610351562,243.42477
2025-02-25,247.0399932861328,244.29155
2025-02-26,240.36000061035156,244.69527
2025-02-27,237.3000030517578,241.4372
2025-02-28,241.83999633789062,238.17828
2025-03-03,238.02999877929688,239.03024
2025-03-04,235.92999267578125,237.70265
2025-03-05,235.74000549316406,235.8901
2025-03-06,235.3300018310547,234.93925
2025-03-07,239.07000732421875,234.34496
2025-03-10,227.47999572753906,236.01375
2025-03-11,220.83999633789062,230.93604
2025-03-12,216.97999572753906,224.79742
2025-03-13,209.67999267578125,219.94421
2025-03-14,213.49000549316406,214.0134
2025-03-17,214.0,213.22913
2025-03-18,212.69000244140625,213.43286
2025-03-19,215.24000549316406,212.89023
2025-03-20,214.10000610351562,213.91653
2025-03-21,218.27000427246094,213.87662
2025-03-24,220.72999572753906,215.95787
2025-03-25,223.75,218.30296
2025-03-26,221.52999877929688,220.94667
2025-03-27,223.85000610351562,221.01546
2025-03-28,217.89999389648438,222.0988
2025-03-31,222.1300048828125,219.57082
2025-04-01,223.19000244140625,220.40642
2025-04-02,223.88999938964844,221.53668
2025-04-03,203.19000244140625,222.42976
2025-04-04,188.3800048828125,212.05608
