Date,Predicted,RegimeCode
2016-06-06,22.788239,0
2016-06-07,22.855927,0
2016-06-08,22.9457,0
2016-06-09,22.977365,0
2016-06-10,23.076778,0
2016-06-13,23.024837,0
2016-06-14,22.80506,0
2016-06-15,22.70748,0
2016-06-16,22.630375,0
2016-06-17,22.647144,0
2016-06-20,22.383877,0
2016-06-21,22.215021,0
2016-06-22,22.24396,0
2016-06-23,22.225119,0
2016-06-24,22.281715,0
2016-06-27,21.975712,0
2016-06-28,21.640688,0
2016-06-29,21.677046,0
2016-06-30,21.818953,0
2016-07-01,22.040981,0
2016-07-05,22.184902,0
2016-07-06,22.133984,0
2016-07-07,22.165142,0
2016-07-08,22.23616,0
2016-07-11,22.364069,0
2016-07-12,22.464489,0
2016-07-13,22.564177,0
2016-07-14,22.54174,0
2016-07-15,22.763159,0
2016-07-18,22.880371,0
2016-07-19,23.059004,0
2016-07-20,23.150806,0
2016-07-21,23.199068,0
2016-07-22,23.152657,0
2016-07-25,23.029163,0
2016-07-26,22.802488,0
2016-07-27,22.60741,0
2016-07-28,23.3029,0
2016-07-29,23.85599,0
2016-08-01,24.086294,0
2016-08-02,24.401571,0
2016-08-03,24.35735,0
2016-08-04,24.477491,0
2016-08-05,24.62581,0
2016-08-08,24.898703,0
2016-08-09,25.145052,0
2016-08-10,25.31281,0
2016-08-11,25.284004,0
2016-08-12,25.249493,0
2016-08-15,25.26488,0
2016-08-16,25.438644,0
2016-08-17,25.516941,0
2016-08-18,25.527023,0
2016-08-19,25.509819,0
2016-08-22,25.535368,0
2016-08-23,25.44343,0
2016-08-24,25.436024,0
2016-08-25,25.335257,0
2016-08-26,25.224874,0
2016-08-29,25.094122,0
2016-08-30,25.0172,0
2016-08-31,24.882122,0
2016-09-01,24.82827,0
2016-09-02,24.88751,0
2016-09-06,25.047573,0
2016-09-07,25.124235,0
2016-09-08,25.236994,0
2016-09-09,24.935135,0
2016-09-12,24.468754,0
2016-09-13,24.532217,0
2016-09-14,24.910908,0
2016-09-15,25.585722,0
2016-09-16,26.39374,0
2016-09-19,26.694532,0
2016-09-20,26.632868,0
2016-09-21,26.58018,0
2016-09-22,26.554598,0
2016-09-23,26.679388,0
2016-09-26,26.5076,0
2016-09-27,26.430494,0
2016-09-28,26.427502,0
2016-09-29,26.53892,0
2016-09-30,26.375774,0
2016-10-03,26.391642,0
2016-10-04,26.344076,0
2016-10-05,26.378164,0
2016-10-06,26.405458,0
2016-10-07,26.523,0
2016-10-10,26.604523,0
2016-10-11,26.889599,0
2016-10-12,27.066067,0
2016-10-13,27.27124,0
2016-10-14,27.322994,0
2016-10-17,27.418797,0
2016-10-18,27.4562,0
2016-10-19,27.45995,0
2016-10-20,27.41582,0
2016-10-21,27.384968,0
2016-10-24,27.31398,0
2016-10-25,27.410393,0
2016-10-26,27.54116,0
2016-10-27,27.27007,0
2016-10-28,26.979355,0
2016-10-31,26.748293,0
2016-11-01,26.622675,0
2016-11-02,26.314018,0
2016-11-03,26.171665,0
2016-11-04,25.966228,0
2016-11-07,25.7419,0
2016-11-08,25.834553,0
2016-11-09,25.979605,0
2016-11-10,26.027052,0
2016-11-11,25.65268,0
2016-11-14,25.532715,0
2016-11-15,25.150625,0
2016-11-16,25.133295,0
2016-11-17,25.511988,0
2016-11-18,25.707546,0
2016-11-21,25.799725,0
2016-11-22,26.046177,0
2016-11-23,26.179083,0
2016-11-25,26.161446,0
2016-11-28,26.21437,0
2016-11-29,26.215927,0
2016-11-30,26.199665,0
2016-12-01,26.0726,0
2016-12-02,25.876844,1
2016-12-05,25.83362,0
2016-12-06,25.723885,0
2016-12-07,25.77466,-1
2016-12-08,25.944649,-1
2016-12-09,26.168352,-1
2016-12-12,26.50602,0
2016-12-13,26.587608,1
2016-12-14,26.847223,1
2016-12-15,26.979084,1
2016-12-16,27.11154,1
2016-12-19,27.192068,1
2016-12-20,27.31078,1
2016-12-21,27.407562,1
2016-12-22,27.46505,1
2016-12-23,27.39221,1
2016-12-27,27.379303,1
2016-12-28,27.47075,1
2016-12-29,27.456867,1
2016-12-30,27.439905,1
2017-01-03,27.31714,1
2017-01-04,27.295174,1
2017-01-05,27.275177,1
2017-01-06,27.340452,1
2017-01-09,27.540085,1
2017-01-10,27.7773,1
2017-01-11,27.904564,1
2017-01-12,28.037079,1
2017-01-13,28.035805,1
2017-01-17,28.000275,1
2017-01-18,28.102938,1
2017-01-19,28.15831,1
2017-01-20,28.154501,1
2017-01-23,28.17677,1
2017-01-24,28.198957,1
2017-01-25,28.195427,1
2017-01-26,28.433113,1
2017-01-27,28.566288,1
2017-01-30,28.622412,1
2017-01-31,28.603113,1
2017-02-01,28.554146,1
2017-02-02,29.463167,1
2017-02-03,29.917953,1
2017-02-06,30.168287,1
2017-02-07,30.42375,1
2017-02-08,30.699165,1
2017-02-09,30.892729,1
2017-02-10,31.097885,1
2017-02-13,31.156025,1
2017-02-14,31.322136,1
2017-02-15,31.625568,1
2017-02-16,31.837185,1
2017-02-17,31.909151,1
2017-02-21,31.98061,1
2017-02-22,32.13815,1
2017-02-23,32.268833,1
2017-02-24,32.254295,1
2017-02-27,32.25492,1
2017-02-28,32.29064,1
2017-03-01,32.31723,1
2017-03-02,32.68381,1
2017-03-03,32.770187,1
2017-03-06,32.895973,1
2017-03-07,32.901085,1
2017-03-08,32.918682,1
2017-03-09,32.86198,1
2017-03-10,32.79062,1
2017-03-13,32.81511,1
2017-03-14,32.840313,1
2017-03-15,32.82542,1
2017-03-16,33.00219,1
2017-03-17,33.125435,1
2017-03-20,33.09025,1
2017-03-21,33.250042,1
2017-03-22,33.13137,1
2017-03-23,33.258812,1
2017-03-24,33.27039,1
2017-03-27,33.232872,1
2017-03-28,33.242836,1
2017-03-29,33.620525,1
2017-03-30,33.85946,1
2017-03-31,33.936867,1
2017-04-03,33.928146,1
2017-04-04,33.92387,1
2017-04-05,34.05801,1
2017-04-06,34.034153,1
2017-04-07,33.967457,1
2017-04-10,33.89347,1
2017-04-11,33.83737,1
2017-04-12,33.61755,1
2017-04-13,33.5269,1
2017-04-17,33.39829,1
2017-04-18,33.435093,1
2017-04-19,33.38281,1
2017-04-20,33.286823,1
2017-04-21,33.462456,1
2017-04-24,33.53953,1
2017-04-25,33.74223,1
2017-04-26,33.95674,1
2017-04-27,33.94899,1
2017-04-28,33.945095,1
2017-05-01,33.92601,1
2017-05-02,34.287617,1
2017-05-03,34.597305,1
2017-05-04,34.68015,1
2017-05-05,34.63681,1
2017-05-08,34.916794,1
2017-05-09,35.580494,1
2017-05-10,36.036366,1
2017-05-11,36.14134,1
2017-05-12,36.33557,1
2017-05-15,36.705204,1
2017-05-16,36.836994,1
2017-05-17,36.85379,1
2017-05-18,36.19057,1
2017-05-19,36.13207,1
2017-05-22,36.210598,1
2017-05-23,36.374084,1
2017-05-24,36.430805,1
2017-05-25,36.39146,1
2017-05-26,36.43447,1
2017-05-30,36.426613,1
2017-05-31,36.427353,1
2017-06-01,36.312515,1
2017-06-02,36.30547,1
2017-06-05,36.59798,1
2017-06-06,36.559055,1
2017-06-07,36.5858,1
2017-06-08,36.719498,1
2017-06-09,36.739906,1
2017-06-12,35.97752,1
2017-06-13,35.121964,1
2017-06-14,34.86953,1
2017-06-15,34.60973,1
2017-06-16,34.37795,1
2017-06-19,34.014984,1
2017-06-20,34.355835,1
2017-06-21,34.389023,1
2017-06-22,34.49329,1
2017-06-23,34.515152,1
2017-06-26,34.602436,1
2017-06-27,34.588417,1
2017-06-28,34.309513,1
2017-06-29,34.430725,1
2017-06-30,34.239117,1
2017-07-03,34.17357,1
2017-07-05,34.085213,1
2017-07-06,34.117874,1
2017-07-07,33.967648,1
2017-07-10,34.070747,1
2017-07-11,34.24659,1
2017-07-12,34.39223,1
2017-07-13,34.48423,1
2017-07-14,34.78156,1
2017-07-17,35.093895,1
2017-07-18,35.305504,1
2017-07-19,35.46317,1
2017-07-20,35.65246,1
2017-07-21,35.655823,1
2017-07-24,35.636852,1
2017-07-25,35.858555,1
2017-07-26,36.059525,1
2017-07-27,36.242855,1
2017-07-28,35.957676,1
2017-07-31,35.66108,1
2017-08-01,35.425613,1
2017-08-02,35.48882,1
2017-08-03,36.43925,1
2017-08-04,36.73574,1
2017-08-07,36.934643,1
2017-08-08,37.32829,1
2017-08-09,37.68471,1
2017-08-10,37.97211,1
2017-08-11,37.448307,1
2017-08-14,37.430473,1
2017-08-15,37.75816,1
2017-08-16,38.155632,1
2017-08-17,38.26083,1
2017-08-18,37.89607,1
2017-08-21,37.65156,1
2017-08-22,37.509636,1
2017-08-23,37.779068,1
2017-08-24,37.95557,1
2017-08-25,37.940273,1
2017-08-28,37.99612,1
2017-08-29,38.232185,1
2017-08-30,38.536846,1
2017-08-31,38.738277,1
2017-09-01,38.90785,1
2017-09-05,38.99076,1
2017-09-06,38.772182,1
2017-09-07,38.630417,1
2017-09-08,38.48718,1
2017-09-11,38.08519,1
2017-09-12,38.24938,0
2017-09-13,38.27991,1
2017-09-14,38.130608,1
2017-09-15,37.87487,0
2017-09-18,37.954094,0
2017-09-19,37.857628,0
2017-09-20,37.8092,0
2017-09-21,37.45003,0
2017-09-22,36.921635,-1
2017-09-25,36.474884,-1
2017-09-26,36.10237,-1
2017-09-27,36.265423,-1
2017-09-28,36.513992,-1
2017-09-29,36.51239,-1
2017-10-02,36.6023,-1
2017-10-03,36.609913,-1
2017-10-04,36.6936,-1
2017-10-05,36.609447,-1
2017-10-06,36.80371,-1
2017-10-09,36.899994,-1
2017-10-10,37.007164,-1
2017-10-11,37.065117,-1
2017-10-12,37.171856,-1
2017-10-13,37.154213,-1
2017-10-16,37.264637,-1
2017-10-17,37.693184,-1
2017-10-18,37.987156,0
2017-10-19,38.023724,0
2017-10-20,37.541473,0
2017-10-23,37.32009,-1
2017-10-24,37.224762,-1
2017-10-25,37.30774,-1
2017-10-26,37.269356,-1
2017-10-27,37.37133,-1
2017-10-30,38.14769,-1
2017-10-31,39.018456,-1
2017-11-01,39.72301,-1
2017-11-02,39.763332,0
2017-11-03,39.895615,0
2017-11-06,40.524242,0
2017-11-07,41.070873,0
2017-11-08,41.39022,0
2017-11-09,41.706394,0
2017-11-10,41.80699,0
2017-11-13,41.76601,0
2017-11-14,41.649002,0
2017-11-15,41.253605,0
2017-11-16,40.763863,0
2017-11-17,40.790783,-1
2017-11-20,40.714718,-1
2017-11-21,40.650894,-1
2017-11-22,41.026924,-1
2017-11-24,41.461906,-1
2017-11-27,41.66761,0
2017-11-28,41.634987,0
2017-11-29,41.474033,0
2017-11-30,40.931625,0
2017-12-01,40.96066,-1
2017-12-04,40.90849,-1
2017-12-05,40.718826,-1
2017-12-06,40.601677,-1
2017-12-07,40.471302,-1
2017-12-08,40.449768,-1
2017-12-11,40.453022,-1
2017-12-12,40.878864,0
2017-12-13,40.978203,1
2017-12-14,41.075966,1
2017-12-15,41.114643,1
2017-12-18,41.353172,1
2017-12-19,41.790417,1
2017-12-20,41.76431,1
2017-12-21,41.69829,1
2017-12-22,41.75019,1
2017-12-26,41.782074,1
2017-12-27,41.22664,1
2017-12-28,40.93635,1
2017-12-29,40.88102,1
2018-01-02,40.633358,1
2018-01-03,40.894703,1
2018-01-04,41.044,1
2018-01-05,41.207928,1
2018-01-08,41.536884,1
2018-01-09,41.61604,1
2018-01-10,41.63402,1
2018-01-11,41.633476,1
2018-01-12,41.75919,1
2018-01-16,42.05759,1
2018-01-17,42.091297,1
2018-01-18,42.46297,1
2018-01-19,42.677067,1
2018-01-22,42.663456,1
2018-01-23,42.455708,1
2018-01-24,42.352776,1
2018-01-25,41.95086,1
2018-01-26,41.34757,1
2018-01-29,41.10731,0
2018-01-30,40.564552,0
2018-01-31,40.1671,0
2018-02-01,40.05134,0
2018-02-02,40.060246,-1
2018-02-05,39.138554,-1
2018-02-06,38.13827,-1
2018-02-07,38.508907,0
2018-02-08,38.32054,0
2018-02-09,37.633842,0
2018-02-12,37.52693,0
2018-02-13,38.325153,0
2018-02-14,38.96142,0
2018-02-15,39.634216,0
2018-02-16,40.670418,0
2018-02-20,41.100487,-1
2018-02-21,41.18598,-1
2018-02-22,41.10383,-1
2018-02-23,41.24023,-1
2018-02-26,41.70431,-1
2018-02-27,42.386936,-1
2018-02-28,42.641983,-1
2018-03-01,42.697964,-1
2018-03-02,42.310112,-1
2018-03-05,42.258896,-1
2018-03-06,42.336006,-1
2018-03-07,42.360855,-1
2018-03-08,42.15799,-1
2018-03-09,42.29553,-1
2018-03-12,42.772213,-1
2018-03-13,43.238018,-1
2018-03-14,43.22711,0
2018-03-15,42.99466,0
2018-03-16,42.900505,-1
2018-03-19,42.78523,-1
2018-03-20,42.38081,-1
2018-03-21,42.16783,-1
2018-03-22,41.570847,-1
2018-03-23,40.95882,-1
2018-03-26,40.171703,-1
2018-03-27,40.80412,-1
2018-03-28,40.61679,-1
2018-03-29,40.23721,-1
2018-04-02,40.21623,-1
2018-04-03,40.087666,-1
2018-04-04,40.241047,-1
2018-04-05,40.74412,-1
2018-04-06,41.15182,-1
2018-04-09,40.76491,-1
2018-04-10,40.750084,-1
2018-04-11,41.17936,-1
2018-04-12,41.30214,-1
2018-04-13,41.557987,-1
2018-04-16,41.76081,-1
2018-04-17,41.991573,-1
2018-04-18,42.411694,-1
2018-04-19,42.5667,0
2018-04-20,41.97294,-1
2018-04-23,40.73988,-1
2018-04-24,40.067997,-1
2018-04-25,39.497982,-1
2018-04-26,39.332214,-1
2018-04-27,39.35424,-1
2018-04-30,39.131004,-1
2018-05-01,39.38955,0
2018-05-02,40.03354,-1
2018-05-03,41.316666,0
2018-05-04,41.991203,-1
2018-05-07,43.15669,-1
2018-05-08,43.898155,-1
2018-05-09,44.32866,-1
2018-05-10,44.677288,-1
2018-05-11,45.179295,-1
2018-05-14,45.329216,-1
2018-05-15,45.32013,-1
2018-05-16,45.085896,-1
2018-05-17,45.188984,-1
2018-05-18,45.10516,-1
2018-05-21,44.966953,-1
2018-05-22,45.070408,-1
2018-05-23,45.07307,-1
2018-05-24,45.222836,-1
2018-05-25,45.27429,-1
2018-05-29,45.347256,-1
2018-05-30,45.294533,-1
2018-05-31,45.21054,-1
2018-06-01,45.088467,-1
2018-06-04,45.46513,-1
2018-06-05,45.876442,-1
2018-06-06,46.259636,-1
2018-06-07,46.521282,-1
2018-06-08,46.567295,0
2018-06-11,46.347725,0
2018-06-12,46.169125,0
2018-06-13,46.2254,0
2018-06-14,46.062595,0
2018-06-15,45.986355,-1
2018-06-18,45.70353,-1
2018-06-19,45.546738,-1
2018-06-20,45.088333,-1
2018-06-21,44.961807,-1
2018-06-22,44.790127,-1
2018-06-25,44.63783,-1
2018-06-26,44.21309,-1
2018-06-27,44.29108,-1
2018-06-28,44.324154,-1
2018-06-29,44.509212,-1
2018-07-02,44.55366,-1
2018-07-03,44.83231,-1
2018-07-05,44.55475,-1
2018-07-06,44.582073,-1
2018-07-09,44.94643,-1
2018-07-10,45.473522,-1
2018-07-11,45.697556,-1
2018-07-12,45.4625,-1
2018-07-13,45.731796,-1
2018-07-16,45.927696,-1
2018-07-17,45.959446,-1
2018-07-18,46.033577,-1
2018-07-19,45.935165,-1
2018-07-20,46.070114,-1
2018-07-23,46.090767,-1
2018-07-24,46.115044,-1
2018-07-25,46.30616,-1
2018-07-26,46.6403,-1
2018-07-27,46.724968,-1
2018-07-30,46.330864,-1
2018-07-31,45.980286,-1
2018-08-01,45.870636,0
2018-08-02,47.283733,0
2018-08-03,48.794373,1
2018-08-06,49.574814,1
2018-08-07,50.027756,1
2018-08-08,49.96352,1
2018-08-09,49.92019,1
2018-08-10,50.113476,1
2018-08-13,50.138515,1
2018-08-14,50.3137,1
2018-08-15,50.51874,1
2018-08-16,50.67913,1
2018-08-17,51.149784,1
2018-08-20,51.93924,1
2018-08-21,52.049297,1
2018-08-22,52.002495,1
2018-08-23,51.972855,1
2018-08-24,52.018005,1
2018-08-27,52.130985,1
2018-08-28,52.4185,1
2018-08-29,52.79061,1
2018-08-30,53.392925,1
2018-08-31,53.951347,1
2018-09-04,54.543335,1
2018-09-05,54.913578,1
2018-09-06,54.87772,1
2018-09-07,54.3475,1
2018-09-10,53.83901,1
2018-09-11,53.221725,1
2018-09-12,53.645813,1
2018-09-13,53.54763,1
2018-09-14,54.160522,1
2018-09-17,54.155235,1
2018-09-18,53.340565,1
2018-09-19,52.959843,1
2018-09-20,52.829082,1
2018-09-21,52.999786,1
2018-09-24,52.790264,1
2018-09-25,53.074516,1
2018-09-26,53.418346,1
2018-09-27,53.351048,1
2018-09-28,53.880714,1
2018-10-01,54.26564,1
2018-10-02,54.630985,1
2018-10-03,55.06027,1
2018-10-04,55.62429,1
2018-10-05,55.36475,1
2018-10-08,54.71356,1
2018-10-09,54.32165,1
2018-10-10,54.55986,1
2018-10-11,53.34803,1
2018-10-12,52.448647,1
2018-10-15,53.04645,1
2018-10-16,52.801823,1
2018-10-17,53.254906,1
2018-10-18,53.383404,1
2018-10-19,52.751293,1
2018-10-22,52.83732,1
2018-10-23,53.096664,1
2018-10-24,53.496773,1
2018-10-25,52.699913,1
2018-10-26,52.86622,1
2018-10-29,52.55113,1
2018-10-30,51.84869,1
2018-10-31,51.637196,1
2018-11-01,52.291527,1
2018-11-02,53.083775,1
2018-11-05,51.546894,1
2018-11-06,49.92522,1
2018-11-07,49.454536,-1
2018-11-08,50.112034,-1
2018-11-09,50.39181,-1
2018-11-12,49.97249,-1
2018-11-13,48.393585,-1
2018-11-14,47.33801,-1
2018-11-15,46.17783,0
2018-11-16,46.234528,0
2018-11-19,46.61339,0
2018-11-20,45.809555,0
2018-11-21,44.20601,0
2018-11-23,43.3875,0
2018-11-26,42.475174,0
2018-11-27,42.3498,-1
2018-11-28,42.291656,-1
2018-11-29,43.139206,-1
2018-11-30,43.406593,0
2018-12-03,43.36547,0
2018-12-04,44.138046,-1
2018-12-06,43.489326,0
2018-12-07,42.8423,-1
2018-12-10,41.733574,-1
2018-12-11,41.33654,-1
2018-12-12,41.072643,-1
2018-12-13,41.01984,-1
2018-12-14,41.24886,-1
2018-12-17,40.660267,-1
2018-12-18,40.134754,-1
2018-12-19,40.172813,-1
2018-12-20,39.552345,-1
2018-12-21,38.694576,-1
2018-12-24,37.488953,-1
2018-12-26,36.40159,-1
2018-12-27,37.251194,-1
2018-12-28,37.634853,-1
2018-12-31,37.79098,-1
2019-01-02,38.043865,-1
2019-01-03,38.189873,-1
2019-01-04,36.20381,-1
2019-01-07,35.938507,-1
2019-01-08,35.884186,-1
2019-01-09,36.23915,-1
2019-01-10,36.761856,-1
2019-01-11,37.077175,-1
2019-01-14,37.01256,-1
2019-01-15,36.6602,-1
2019-01-16,36.878464,-1
2019-01-17,37.259663,-1
2019-01-18,37.566044,-1
2019-01-22,37.82771,-1
2019-01-23,37.487915,-1
2019-01-24,37.373123,-1
2019-01-25,37.176266,-1
2019-01-28,37.738583,-1
2019-01-29,37.857445,-1
2019-01-30,37.672905,-1
2019-01-31,38.943382,-1
2019-02-01,39.779068,-1
2019-02-04,40.147522,-1
2019-02-05,40.903465,-1
2019-02-06,41.659576,-1
2019-02-07,42.017483,-1
2019-02-08,41.728813,-1
2019-02-11,41.581223,-1
2019-02-12,41.395233,-1
2019-02-13,41.498425,-1
2019-02-14,41.472343,-1
2019-02-15,41.533154,-1
2019-02-19,41.51725,-1
2019-02-20,41.57163,-1
2019-02-21,41.745033,-1
2019-02-22,41.706055,-1
2019-02-25,41.923973,-1
2019-02-26,42.205864,-1
2019-02-27,42.35328,-1
2019-02-28,42.483376,-1
2019-03-01,42.31784,-1
2019-03-04,42.46046,-1
2019-03-05,42.661404,-1
2019-03-06,42.716297,-1
2019-03-07,42.60042,-1
2019-03-08,42.272198,-1
2019-03-11,42.160732,-1
2019-03-12,42.90597,-1
2019-03-13,43.56773,-1
2019-03-14,43.97221,-1
2019-03-15,44.406403,-1
2019-03-18,44.92144,-1
2019-03-19,45.413208,-1
2019-03-20,45.444736,-1
2019-03-21,45.64346,-1
2019-03-22,46.65216,-1
2019-03-25,46.642593,-1
2019-03-26,46.271553,-1
2019-03-27,45.823147,-1
2019-03-28,45.83147,-1
2019-03-29,45.897736,-1
2019-04-01,46.0928,-1
2019-04-02,46.359547,-1
2019-04-03,46.850365,-1
2019-04-04,47.26503,-1
2019-04-05,47.49603,-1
2019-04-08,47.762325,-1
2019-04-09,48.292946,-1
2019-04-10,48.47689,-1
2019-04-11,48.686363,-1
2019-04-12,48.567112,-1
2019-04-15,48.481167,-1
2019-04-16,48.49124,-1
2019-04-17,48.505062,-1
2019-04-18,49.018757,-1
2019-04-22,49.38331,-1
2019-04-23,49.629513,-1
2019-04-24,50.121094,-1
2019-04-25,50.322178,-1
2019-04-26,50.15117,0
2019-04-29,49.92098,-1
2019-04-30,49.852077,-1
2019-05-01,49.31633,-1
2019-05-02,50.326134,-1
2019-05-03,50.712135,0
2019-05-06,51.189583,0
2019-05-07,50.988598,0
2019-05-08,50.118633,0
2019-05-09,49.680237,-1
2019-05-10,49.221348,0
2019-05-13,48.64504,0
2019-05-14,46.868343,0
2019-05-15,46.3564,-1
2019-05-16,46.49699,-1
2019-05-17,46.492336,-1
2019-05-20,46.337753,0
2019-05-21,45.48052,0
2019-05-22,45.49926,0
2019-05-23,45.062614,0
2019-05-24,44.421898,0
2019-05-28,44.0219,0
2019-05-29,43.755035,0
2019-05-30,43.52818,0
2019-05-31,43.545887,0
2019-06-03,43.145412,0
2019-06-04,42.700813,0
2019-06-05,43.323734,0
2019-06-06,44.05988,0
2019-06-07,44.75794,0
2019-06-10,45.724007,0
2019-06-11,46.505974,-1
2019-06-12,47.148026,-1
2019-06-13,47.35491,-1
2019-06-14,47.41836,0
2019-06-17,47.25478,0
2019-06-18,47.31665,0
2019-06-19,47.958576,0
2019-06-20,48.21648,1
2019-06-21,48.519676,1
2019-06-24,48.573742,1
2019-06-25,48.556984,1
2019-06-26,48.150505,1
2019-06-27,48.493153,1
2019-06-28,48.691795,1
2019-07-01,48.5356,1
2019-07-02,48.916904,1
2019-07-03,49.282207,1
2019-07-05,49.670124,1
2019-07-08,49.82711,1
2019-07-09,49.33295,1
2019-07-10,49.22368,1
2019-07-11,49.4594,1
2019-07-12,49.396378,1
2019-07-15,49.551422,1
2019-07-16,49.887436,1
2019-07-17,49.960964,1
2019-07-18,49.82731,1
2019-07-19,50.055492,1
2019-07-22,49.781616,1
2019-07-23,50.230385,1
2019-07-24,50.69634,1
2019-07-25,50.89012,1
2019-07-26,50.745834,1
2019-07-29,50.752377,1
2019-07-30,51.019875,1
2019-07-31,51.04229,1
2019-08-01,51.59572,1
2019-08-02,51.280724,1
2019-08-05,50.501698,1
2019-08-06,48.71242,1
2019-08-07,48.302353,1
2019-08-08,48.46898,0
2019-08-09,49.15765,0
2019-08-12,49.287838,1
2019-08-13,49.243954,1
2019-08-14,50.32969,1
2019-08-15,50.084137,1
2019-08-16,49.75256,1
2019-08-19,50.221107,1
2019-08-20,50.995773,1
2019-08-21,51.374218,1
2019-08-22,51.8237,1
2019-08-23,52.01238,1
2019-08-26,50.790726,1
2019-08-27,50.644432,1
2019-08-28,50.339867,1
2019-08-29,50.36965,1
2019-08-30,50.86267,1
2019-09-03,51.083847,1
2019-09-04,50.76793,1
2019-09-05,51.047085,1
2019-09-06,51.75248,1
2019-09-09,52.102535,1
2019-09-10,52.36108,1
2019-09-11,52.80782,1
2019-09-12,53.933258,1
2019-09-13,54.430405,1
2019-09-16,54.04883,1
2019-09-17,53.968975,1
2019-09-18,54.057854,1
2019-09-19,54.382835,1
2019-09-20,54.310024,1
2019-09-23,53.826164,1
2019-09-24,53.707363,0
2019-09-25,53.539318,0
2019-09-26,53.899548,1
2019-09-27,53.949272,1
2019-09-30,53.811264,1
2019-10-01,54.413322,1
2019-10-02,54.81991,1
2019-10-03,54.253883,1
2019-10-04,54.175682,0
2019-10-07,54.985905,0
2019-10-08,55.423054,0
2019-10-09,55.25066,0
2019-10-10,55.47858,0
2019-10-11,56.012447,0
2019-10-14,57.08386,0
2019-10-15,57.567684,1
2019-10-16,57.681206,1
2019-10-17,57.585705,1
2019-10-18,57.64909,1
2019-10-21,57.838043,1
2019-10-22,58.473263,1
2019-10-23,58.722576,1
2019-10-24,59.236835,1
2019-10-25,59.543865,1
2019-10-28,60.067383,1
2019-10-29,60.64805,1
2019-10-30,60.162094,1
2019-10-31,59.86694,1
2019-11-01,60.467594,1
2019-11-04,61.730835,1
2019-11-05,62.57623,1
2019-11-06,62.89054,1
2019-11-07,63.01669,1
2019-11-08,63.454433,1
2019-11-11,63.77072,1
2019-11-12,64.18135,1
2019-11-13,64.345665,1
2019-11-14,64.73755,1
2019-11-15,64.691864,1
2019-11-18,65.05522,1
2019-11-19,65.42603,1
2019-11-20,65.49091,1
2019-11-21,65.09287,1
2019-11-22,64.725,1
2019-11-25,64.527664,1
2019-11-26,65.05329,1
2019-11-27,65.066956,1
2019-11-29,65.50864,1
2019-12-02,65.66144,1
2019-12-03,65.305855,1
2019-12-04,64.48871,1
2019-12-05,64.385414,1
2019-12-06,64.89,1
2019-12-09,65.83747,1
2019-12-10,65.80161,1
2019-12-11,65.9281,1
2019-12-12,66.29908,1
2019-12-13,66.576904,1
2019-12-16,67.18597,1
2019-12-17,68.10908,1
2019-12-18,68.62704,1
2019-12-19,68.75199,1
2019-12-20,68.82239,1
2019-12-23,68.775925,1
2019-12-24,69.349365,1
2019-12-26,69.68904,1
2019-12-27,70.57463,1
2019-12-30,71.0029,1
2019-12-31,71.3983,1
2020-01-02,71.859825,1
2020-01-03,72.96053,1
2020-01-06,73.123566,1
2020-01-07,73.45239,1
2020-01-08,73.429565,1
2020-01-09,74.03052,1
2020-01-10,75.19623,1
2020-01-13,75.86119,1
2020-01-14,77.00958,1
2020-01-15,77.00552,1
2020-01-16,76.75538,1
2020-01-17,77.14015,1
2020-01-21,77.81842,1
2020-01-22,77.86519,1
2020-01-23,77.99624,1
2020-01-24,78.26419,1
2020-01-27,78.275536,1
2020-01-28,77.03189,1
2020-01-29,77.53257,1
2020-01-30,78.74965,1
2020-01-31,79.292435,1
2020-02-03,77.607315,1
2020-02-04,76.57988,1
2020-02-05,77.49226,1
2020-02-06,78.37716,1
2020-02-07,79.27682,1
2020-02-10,79.108696,1
2020-02-11,79.16475,1
2020-02-12,78.949295,1
2020-02-13,79.83579,1
2020-02-14,80.00601,1
2020-02-18,80.04977,1
2020-02-19,79.27683,1
2020-02-20,79.48038,1
2020-02-21,79.19787,1
2020-02-24,78.07988,1
2020-02-25,75.5488,1
2020-02-26,72.96042,1
2020-02-27,72.36894,1
2020-02-28,69.693504,1
2020-03-02,68.30568,1
2020-03-03,71.109055,1
2020-03-04,71.40847,1
2020-03-05,73.15693,1
2020-03-06,72.754364,1
2020-03-09,71.91816,1
2020-03-10,68.48502,1
2020-03-11,69.27451,1
2020-03-12,68.59667,1
2020-03-13,64.59362,1
2020-03-16,66.46944,1
2020-03-17,62.977894,1
2020-03-18,62.43371,1
2020-03-19,61.55037,0
2020-03-20,60.869316,0
2020-03-23,58.510315,-1
2020-03-24,56.66945,-1
2020-03-25,58.829597,-1
2020-03-26,59.89855,-1
2020-03-27,62.02729,-1
2020-03-30,61.658787,0
2020-03-31,62.264473,0
2020-04-01,62.53782,0
2020-04-02,60.873913,0
2020-04-03,60.516632,-1
2020-04-06,59.970745,-1
2020-04-07,62.492596,-1
2020-04-08,63.44767,0
2020-04-09,64.66494,0
2020-04-13,65.49642,1
2020-04-14,66.55124,1
2020-04-15,68.87688,1
2020-04-16,69.68358,1
2020-04-17,70.25882,1
2020-04-20,69.99717,1
2020-04-21,69.05021,1
2020-04-22,67.44143,1
2020-04-23,67.68217,1
2020-04-24,67.76981,0
2020-04-27,68.849464,0
2020-04-28,69.43533,1
2020-04-29,69.06639,1
2020-04-30,70.04537,0
2020-05-01,71.38432,0
2020-05-04,71.39865,1
2020-05-05,71.86229,1
2020-05-06,72.686714,1
2020-05-07,73.49564,1
2020-05-08,74.27871,1
2020-05-11,75.59342,1
2020-05-12,76.87935,1
2020-05-13,76.99354,1
2020-05-14,76.475586,1
2020-05-15,76.44966,1
2020-05-18,76.22826,1
2020-05-19,77.075195,1
2020-05-20,77.29194,1
2020-05-21,78.15832,1
2020-05-22,78.283134,1
2020-05-26,78.56421,1
2020-05-27,78.41818,1
2020-05-28,78.50749,1
2020-05-29,78.582726,1
2020-06-01,78.57586,1
2020-06-02,79.08553,1
2020-06-03,79.55007,1
2020-06-04,79.996605,1
2020-06-05,79.830414,1
2020-06-08,80.93093,1
2020-06-09,81.77699,1
2020-06-10,83.543594,1
2020-06-11,85.585075,1
2020-06-12,84.300385,1
2020-06-15,83.88573,1
2020-06-16,84.30698,1
2020-06-17,85.7573,1
2020-06-18,86.424545,1
2020-06-19,86.70075,1
2020-06-22,86.53815,1
2020-06-23,87.647125,1
2020-06-24,89.25056,1
2020-06-25,89.163574,1
2020-06-26,89.65013,1
2020-06-29,88.42922,1
2020-06-30,88.83994,1
2020-07-01,89.53183,1
2020-07-02,89.77646,1
2020-07-06,89.86085,1
2020-07-07,91.17731,1
2020-07-08,91.7066,1
2020-07-09,93.04744,1
2020-07-10,93.931656,1
2020-07-13,94.39847,1
2020-07-14,94.35428,1
2020-07-15,95.13846,1
2020-07-16,95.90466,1
2020-07-17,95.621155,1
2020-07-20,95.32333,1
2020-07-21,96.25935,1
2020-07-22,96.05028,1
2020-07-23,96.026825,1
2020-07-24,93.6889,1
2020-07-27,92.349205,1
2020-07-28,92.95719,1
2020-07-29,92.53473,1
2020-07-30,93.218956,1
2020-07-31,94.20905,1
2020-08-03,99.99802,1
2020-08-04,104.36621,1
2020-08-05,106.66336,1
2020-08-06,107.79946,1
2020-08-07,110.27616,1
2020-08-10,110.136665,1
2020-08-11,110.76716,1
2020-08-12,109.33996,1
2020-08-13,110.479866,1
2020-08-14,112.22018,1
2020-08-17,113.00223,1
2020-08-18,113.14376,1
2020-08-19,113.67406,1
2020-08-20,114.019554,1
2020-08-21,115.521225,1
2020-08-24,119.492035,1
2020-08-25,122.24714,1
2020-08-26,122.89092,1
2020-08-27,123.95108,1
2020-08-28,123.671104,1
2020-08-31,123.357574,1
2020-09-01,125.4412,1
2020-09-02,129.2452,1
2020-09-03,129.63332,1
2020-09-04,124.06981,1
2020-09-08,121.20143,1
2020-09-09,115.76903,1
2020-09-10,115.49281,1
2020-09-11,113.664795,1
2020-09-14,111.93898,1
2020-09-15,112.921455,1
2020-09-16,113.63046,1
2020-09-17,112.1353,1
2020-09-18,110.3655,1
2020-09-21,107.68799,1
2020-09-22,108.11311,1
2020-09-23,109.41254,1
2020-09-24,107.58375,1
2020-09-25,107.12861,1
2020-09-28,109.14782,1
2020-09-29,111.640114,1
2020-09-30,112.351326,1
2020-10-01,113.47317,1
2020-10-02,114.53095,1
2020-10-05,113.02551,1
2020-10-06,114.01371,1
2020-10-07,112.86274,1
2020-10-08,113.21584,1
2020-10-09,113.41424,1
2020-10-12,114.55003,1
2020-10-13,119.04203,1
2020-10-14,119.57033,1
2020-10-15,119.61396,1
2020-10-16,119.354225,1
2020-10-19,118.3296,1
2020-10-20,116.21344,1
2020-10-21,115.984344,1
2020-10-22,115.65987,1
2020-10-23,114.91387,1
2020-10-26,114.170265,1
2020-10-27,113.83382,1
2020-10-28,114.52083,1
2020-10-29,112.04993,1
2020-10-30,112.89309,1
2020-11-02,110.07696,1
2020-11-03,108.5091,1
2020-11-04,108.74877,1
2020-11-05,111.34874,1
2020-11-06,114.835365,1
2020-11-09,116.4142,1
2020-11-10,115.76716,1
2020-11-11,115.14987,1
2020-11-12,116.73033,1
2020-11-13,117.445335,1
2020-11-16,117.74654,1
2020-11-17,118.40897,1
2020-11-18,118.25624,1
2020-11-19,117.41933,1
2020-11-20,117.31692,1
2020-11-23,116.630455,1
2020-11-24,114.43694,1
2020-11-25,114.03545,1
2020-11-27,114.41664,1
2020-11-30,114.93404,1
2020-12-01,116.47632,1
2020-12-02,119.18125,1
2020-12-03,120.68122,1
2020-12-04,121.21977,1
2020-12-07,121.045044,1
2020-12-08,121.71452,1
2020-12-09,122.408035,1
2020-12-10,121.35814,1
2020-12-11,121.540825,1
2020-12-14,121.26486,1
2020-12-15,120.77843,1
2020-12-16,123.757645,1
2020-12-17,125.29915,1
2020-12-18,126.38362,1
2020-12-21,125.778595,1
2020-12-22,126.22618,1
2020-12-23,128.4196,1
2020-12-24,129.04854,1
2020-12-28,129.7721,1
2020-12-29,132.59227,1
2020-12-30,133.05699,1
2020-12-31,132.52165,1
2021-01-04,131.67676,1
2021-01-05,129.54868,1
2021-01-06,129.33965,1
2021-01-07,127.04199,1
2021-01-08,128.13454,1
2021-01-11,129.43726,1
2021-01-12,128.42854,1
2021-01-13,127.72811,1
2021-01-14,128.52654,1
2021-01-15,127.94212,1
2021-01-19,126.65664,1
2021-01-20,126.38827,1
2021-01-21,128.5384,1
2021-01-22,132.21483,1
2021-01-25,135.14444,1
2021-01-26,138.4579,1
2021-01-27,140.12407,1
2021-01-28,140.21129,1
2021-01-29,137.55128,1
2021-02-01,133.47603,1
2021-02-02,132.67538,1
2021-02-03,132.95895,1
2021-02-04,132.60168,1
2021-02-05,134.20879,1
2021-02-08,134.83913,1
2021-02-09,135.1444,1
2021-02-10,134.79024,1
2021-02-11,134.26196,1
2021-02-12,133.87361,1
2021-02-16,133.83136,1
2021-02-17,132.68585,1
2021-02-18,130.85588,1
2021-02-19,129.38081,0
2021-02-22,128.81126,0
2021-02-23,126.56442,-1
2021-02-24,125.35617,-1
2021-02-25,124.59608,0
2021-02-26,121.971466,0
2021-03-01,120.79385,0
2021-03-02,123.78786,0
2021-03-03,124.005005,0
2021-03-04,122.3135,0
2021-03-05,120.40066,0
2021-03-08,120.19247,-1
2021-03-09,117.52836,-1
2021-03-10,118.65364,-1
2021-03-11,118.81627,0
2021-03-12,119.87411,0
2021-03-15,119.92114,0
2021-03-16,121.441986,-1
2021-03-17,123.063484,-1
2021-03-18,123.38466,-1
2021-03-19,121.218765,-1
2021-03-22,119.78974,-1
2021-03-23,120.97859,-1
2021-03-24,121.236694,-1
2021-03-25,120.002106,-1
2021-03-26,119.60801,-1
2021-03-29,119.80717,-1
2021-03-30,120.029625,-1
2021-03-31,119.34505,-1
2021-04-01,120.16319,-1
2021-04-05,121.079636,-1
2021-04-06,123.03541,-1
2021-04-07,124.15852,-1
2021-04-08,125.512886,-1
2021-04-09,127.44549,-1
2021-04-12,129.75833,-1
2021-04-13,129.915,0
2021-04-14,131.53648,0
2021-04-15,131.10844,0
2021-04-16,132.08981,-1
2021-04-19,132.4497,-1
2021-04-20,132.93597,-1
2021-04-21,132.25731,-1
2021-04-22,132.08205,-1
2021-04-23,131.21289,0
2021-04-26,132.02637,-1
2021-04-27,132.71303,0
2021-04-28,132.84503,0
2021-04-29,132.44475,1
2021-04-30,132.1767,1
2021-05-03,130.99907,0
2021-05-04,130.97331,1
2021-05-05,128.56125,0
2021-05-06,127.44134,1
2021-05-07,127.87245,1
2021-05-10,128.52794,1
2021-05-11,127.06507,0
2021-05-12,125.76647,-1
2021-05-13,123.52189,-1
2021-05-14,123.59778,-1
2021-05-17,125.08498,-1
2021-05-18,125.22698,-1
2021-05-19,124.45602,-1
2021-05-20,123.961365,-1
2021-05-21,125.13643,0
2021-05-24,124.78385,-1
2021-05-25,125.409645,-1
2021-05-26,125.6511,-1
2021-05-27,125.711426,-1
2021-05-28,124.8986,-1
2021-06-01,124.118996,-1
2021-06-02,123.59022,-1
2021-06-03,123.77593,-1
2021-06-04,123.101006,-1
2021-06-07,123.980034,0
2021-06-08,124.48327,0
2021-06-09,125.13332,0
2021-06-10,125.64573,0
2021-06-11,125.33307,0
2021-06-14,125.794785,0
2021-06-15,127.70768,0
2021-06-16,128.22974,0
2021-06-17,128.65233,-1
2021-06-18,129.70659,-1
2021-06-21,129.5276,0
2021-06-22,130.34207,0
2021-06-23,131.66373,0
2021-06-24,132.15308,0
2021-06-25,132.17378,0
2021-06-28,131.99788,0
2021-06-29,132.78758,0
2021-06-30,134.02654,0
2021-07-01,134.95341,0
2021-07-02,135.52214,0
2021-07-06,137.17813,0
2021-07-07,139.0878,0
2021-07-08,141.3188,-1
2021-07-09,141.6607,-1
2021-07-12,142.68686,-1
2021-07-13,142.88069,-1
2021-07-14,143.52039,-1
2021-07-15,145.68634,-1
2021-07-16,146.41954,0
2021-07-19,145.57082,0
2021-07-20,143.01788,0
2021-07-21,143.69453,-1
2021-07-22,143.80914,0
2021-07-23,144.56178,-1
2021-07-26,145.86841,-1
2021-07-27,146.72453,-1
2021-07-28,145.92242,-1
2021-07-29,144.51501,0
2021-07-30,144.18336,0
2021-08-02,144.21408,0
2021-08-03,144.0713,-1
2021-08-04,144.96126,-1
2021-08-05,145.21516,-1
2021-08-06,145.34929,-1
2021-08-09,145.03514,-1
2021-08-10,144.83826,-1
2021-08-11,144.49815,-1
2021-08-12,144.47093,-1
2021-08-13,146.07126,-1
2021-08-16,147.01205,-1
2021-08-17,148.4624,-1
2021-08-18,148.66801,-1
2021-08-19,146.67337,0
2021-08-20,145.80852,0
2021-08-23,146.26807,0
2021-08-24,147.35817,0
2021-08-25,147.84656,1
2021-08-26,147.36986,1
2021-08-27,146.66219,1
2021-08-30,146.88293,1
2021-08-31,149.41557,1
2021-09-01,150.03586,1
2021-09-02,150.5588,1
2021-09-03,151.39154,1
2021-09-07,152.13348,1
2021-09-08,153.72195,1
2021-09-09,153.67175,1
2021-09-10,153.00487,1
2021-09-13,149.98691,1
2021-09-14,148.77176,1
2021-09-15,147.57628,1
2021-09-16,147.50842,1
2021-09-17,147.41808,1
2021-09-20,145.93724,1
2021-09-21,143.53145,1
2021-09-22,142.63199,1
2021-09-23,143.58534,1
2021-09-24,144.64725,1
2021-09-27,145.18333,1
2021-09-28,144.57886,1
2021-09-29,142.41075,1
2021-09-30,141.80905,1
2021-10-01,140.92981,1
2021-10-04,141.1154,1
2021-10-05,139.41454,0
2021-10-06,139.55771,-1
2021-10-07,140.2042,-1
2021-10-08,141.20816,-1
2021-10-11,141.48201,-1
2021-10-12,141.51425,-1
2021-10-13,140.82967,-1
2021-10-14,140.15727,-1
2021-10-15,141.35252,-1
2021-10-18,142.58202,-1
2021-10-19,144.04512,-1
2021-10-20,145.89027,-1
2021-10-21,147.02023,-1
2021-10-22,147.60979,-1
2021-10-25,147.43327,-1
2021-10-26,147.28229,-1
2021-10-27,147.57487,-1
2021-10-28,147.49037,-1
2021-10-29,149.38414,-1
2021-11-01,148.91568,0
2021-11-02,148.11612,0
2021-11-03,148.28934,0
2021-11-04,149.20125,1
2021-11-05,149.38458,1
2021-11-08,149.70781,1
2021-11-09,149.42265,1
2021-11-10,149.45052,1
2021-11-11,147.96214,1
2021-11-12,147.16362,1
2021-11-15,147.95732,1
2021-11-16,148.42178,1
2021-11-17,149.13857,1
2021-11-18,150.79005,1
2021-11-19,153.90187,1
2021-11-22,156.81769,1
2021-11-23,158.3838,1
2021-11-24,159.22356,1
2021-11-26,159.84476,1
2021-11-29,157.42882,1
2021-11-30,157.94513,1
2021-12-01,161.01373,1
2021-12-02,162.292,1
2021-12-03,162.23746,1
2021-12-06,161.1279,1
2021-12-07,162.38298,1
2021-12-08,166.16542,1
2021-12-09,170.0795,1
2021-12-10,171.60074,1
2021-12-13,174.70042,1
2021-12-14,174.28052,1
2021-12-15,173.14647,1
2021-12-16,175.18257,1
2021-12-17,172.63658,1
2021-12-20,170.61647,1
2021-12-21,169.00401,1
2021-12-22,169.98557,1
2021-12-23,171.97078,1
2021-12-27,173.26724,1
2021-12-28,175.92409,1
2021-12-29,176.67561,1
2021-12-30,176.95108,1
2021-12-31,176.4366,1
2022-01-03,175.82945,1
2022-01-04,177.86053,1
2022-01-05,177.74461,1
2022-01-06,175.07268,1
2022-01-07,172.17912,1
2022-01-10,170.93674,1
2022-01-11,170.47977,1
2022-01-12,171.82372,1
2022-01-13,172.77652,1
2022-01-14,171.4418,1
2022-01-18,171.15317,1
2022-01-19,169.37773,1
2022-01-20,166.61137,1
2022-01-21,164.38904,0
2022-01-24,162.30705,0
2022-01-25,160.94861,-1
2022-01-26,159.40427,-1
2022-01-27,158.63647,-1
2022-01-28,158.08263,-1
2022-01-31,163.65567,-1
2022-02-01,168.88937,0
2022-02-02,171.1619,1
2022-02-03,172.66066,1
2022-02-04,171.76859,1
2022-02-07,171.07207,1
2022-02-08,170.39072,1
2022-02-09,171.74081,1
2022-02-10,173.23772,1
2022-02-11,171.75685,1
2022-02-14,169.08296,1
2022-02-15,167.91919,0
2022-02-16,169.52515,-1
2022-02-17,170.29807,0
2022-02-18,168.67845,0
2022-02-22,166.96732,0
2022-02-23,164.62074,0
2022-02-24,161.28204,-1
2022-02-25,161.09753,-1
2022-02-28,162.30838,-1
2022-03-01,163.08243,-1
2022-03-02,162.39853,-1
2022-03-03,163.75702,-1
2022-03-04,164.32722,-1
2022-03-07,162.9349,-1
2022-03-08,160.1504,-1
2022-03-09,157.81927,-1
2022-03-10,159.67557,0
2022-03-11,158.4504,0
2022-03-14,155.70822,0
2022-03-15,152.19975,0
2022-03-16,152.90189,0
2022-03-17,155.84166,0
2022-03-18,157.856,-1
2022-03-21,160.47798,-1
2022-03-22,162.4443,-1
2022-03-23,165.10425,-1
2022-03-24,167.0895,0
2022-03-25,169.97513,1
2022-03-28,171.68887,1
2022-03-29,172.8631,1
2022-03-30,175.12383,1
2022-03-31,175.60419,1
2022-04-01,174.07121,1
2022-04-04,173.09929,1
2022-04-05,174.84924,1
2022-04-06,174.04951,1
2022-04-07,171.84395,1
2022-04-08,170.91676,1
2022-04-11,169.50017,1
2022-04-12,166.55183,1
2022-04-13,166.11275,1
2022-04-14,167.49608,1
2022-04-18,165.55869,1
2022-04-19,164.35493,1
2022-04-20,165.06949,0
2022-04-21,165.42078,0
2022-04-22,165.13232,0
2022-04-25,162.53368,-1
2022-04-26,161.77911,-1
2022-04-27,158.35483,-1
2022-04-28,156.50677,-1
2022-04-29,159.46896,-1
2022-05-02,157.96576,-1
2022-05-03,157.16605,-1
2022-05-04,157.64102,-1
2022-05-05,161.36465,-1
2022-05-06,158.40553,-1
2022-05-09,157.03671,-1
2022-05-10,153.76175,0
2022-05-11,153.44139,0
2022-05-12,149.25021,0
2022-05-13,145.01439,0
2022-05-16,145.47742,0
2022-05-17,145.14305,0
2022-05-18,146.88861,0
2022-05-19,143.3599,0
2022-05-20,139.58382,0
2022-05-23,137.96834,-1
2022-05-24,140.28098,-1
2022-05-25,140.12047,-1
2022-05-26,139.9749,-1
2022-05-27,141.63147,-1
2022-05-31,145.59325,-1
2022-06-01,147.1209,-1
2022-06-02,147.60097,-1
2022-06-03,149.07816,-1
2022-06-06,146.73996,-1
2022-06-07,145.84311,-1
2022-06-08,146.88203,-1
2022-06-09,147.08023,-1
2022-06-10,144.3083,-1
2022-06-13,139.94438,-1
2022-06-14,135.07004,-1
2022-06-15,133.27458,-1
2022-06-16,134.05437,-1
2022-06-17,131.71585,-1
2022-06-21,131.24332,-1
2022-06-22,133.42328,-1
2022-06-23,134.30403,-1
2022-06-24,136.17014,-1
2022-06-27,138.87712,-1
2022-06-28,140.16599,-1
2022-06-29,138.4354,-1
2022-06-30,138.40968,-1
2022-07-01,137.17694,-1
2022-07-05,137.71114,-1
2022-07-06,139.45677,-1
2022-07-07,141.04808,-1
2022-07-08,143.57848,-1
2022-07-11,145.15733,-1
2022-07-12,144.67542,-1
2022-07-13,144.85512,-1
2022-07-14,144.78584,-1
2022-07-15,146.31523,-1
2022-07-18,148.01056,-1
2022-07-19,147.15968,-1
2022-07-20,148.69092,-1
2022-07-21,150.61386,-1
2022-07-22,152.73412,-1
2022-07-25,153.05185,-1
2022-07-26,152.48853,-1
2022-07-27,151.46931,-1
2022-07-28,153.71346,-1
2022-07-29,155.23354,0
2022-08-01,158.59671,0
2022-08-02,159.7192,0
2022-08-03,159.30827,0
2022-08-04,162.24594,-1
2022-08-05,163.6253,-1
2022-08-08,164.04121,-1
2022-08-09,163.92372,0
2022-08-10,163.86777,0
2022-08-11,166.11754,0
2022-08-12,166.89172,0
2022-08-15,169.04967,0
2022-08-16,170.69052,0
2022-08-17,171.32538,0
2022-08-18,172.35295,0
2022-08-19,172.6391,0
2022-08-22,171.34984,0
2022-08-23,168.5981,0
2022-08-24,167.07877,0
2022-08-25,166.61885,0
2022-08-26,167.78365,0
2022-08-29,165.04524,0
2022-08-30,162.37903,0
2022-08-31,159.86618,0
2022-09-01,157.83649,0
2022-09-02,157.32582,0
2022-09-06,156.0479,0
2022-09-07,154.7381,0
2022-09-08,154.88841,0
2022-09-09,154.25159,0
2022-09-12,155.44362,0
2022-09-13,159.28708,0
2022-09-14,156.14925,0
2022-09-15,155.06616,0
2022-09-16,153.14851,0
2022-09-19,151.34073,0
2022-09-20,152.51619,0
2022-09-21,154.50911,-1
2022-09-22,153.78883,-1
2022-09-23,152.77568,-1
2022-09-26,151.07608,-1
2022-09-27,150.43782,-1
2022-09-28,150.73352,-1
2022-09-29,149.91011,-1
2022-09-30,145.57175,-1
2022-10-03,141.10599,-1
2022-10-04,141.30746,-1
2022-10-05,143.61423,-1
2022-10-06,144.95033,-1
2022-10-07,144.98317,-1
2022-10-10,142.08904,-1
2022-10-11,140.7618,-1
2022-10-12,139.48866,-1
2022-10-13,138.56947,-1
2022-10-14,140.63272,-1
2022-10-17,139.31404,-1
2022-10-18,140.6363,-1
2022-10-19,142.11174,-1
2022-10-20,142.8525,-1
2022-10-21,142.897,-1
2022-10-24,144.92876,-1
2022-10-25,147.13257,-1
2022-10-26,149.67711,-1
2022-10-27,149.28246,-1
2022-10-28,146.51962,0
2022-10-31,150.89645,-1
2022-11-01,152.06827,0
2022-11-02,150.9871,0
2022-11-03,147.38766,0
2022-11-04,142.33612,-1
2022-11-07,139.79669,-1
2022-11-08,139.07549,-1
2022-11-09,139.16096,-1
2022-11-10,136.7848,-1
2022-11-11,141.9105,-1
2022-11-14,146.20865,0
2022-11-15,147.3649,0
2022-11-16,148.63199,0
2022-11-17,148.55928,0
2022-11-18,149.46948,0
2022-11-21,150.25063,-1
2022-11-22,148.8666,-1
2022-11-23,149.25316,-1
2022-11-25,150.01111,-1
2022-11-28,148.81439,-1
2022-11-29,146.08827,0
2022-11-30,143.13284,0
2022-12-01,145.4042,0
2022-12-02,146.90868,0
2022-12-05,147.28041,0
2022-12-06,146.75417,0
2022-12-07,144.48743,0
2022-12-08,142.30092,0
2022-12-09,142.21405,0
2022-12-12,142.04216,0
2022-12-13,143.19131,0
2022-12-14,144.31465,-1
2022-12-15,143.62646,-1
2022-12-16,139.63918,-1
2022-12-19,136.55722,-1
2022-12-20,134.06602,0
2022-12-21,132.92357,0
2022-12-22,134.1551,0
2022-12-23,133.14775,0
2022-12-27,132.34766,0
2022-12-28,131.0181,-1
2022-12-29,128.25026,-1
2022-12-30,128.79446,-1
2023-01-03,129.4163,-1
2023-01-04,127.113625,-1
2023-01-05,126.56426,-1
2023-01-06,125.705925,-1
2023-01-09,127.74258,-1
2023-01-10,129.13367,-1
2023-01-11,130.0368,-1
2023-01-12,131.88786,-1
2023-01-13,132.75117,-1
2023-01-17,133.80429,-1
2023-01-18,134.92703,-1
2023-01-19,135.05896,-1
2023-01-20,135.09262,-1
2023-01-23,136.48602,-1
2023-01-24,138.92891,-1
2023-01-25,140.8646,-1
2023-01-26,141.36401,-1
2023-01-27,142.62051,-1
2023-01-30,144.28867,-1
2023-01-31,143.52574,-1
2023-02-01,143.71497,-1
2023-02-02,144.46724,-1
2023-02-03,147.7014,-1
2023-02-06,151.27731,-1
2023-02-07,151.46732,-1
2023-02-08,152.89336,-1
2023-02-09,152.18153,-1
2023-02-10,151.17464,-1
2023-02-13,150.89671,-1
2023-02-14,152.3203,-1
2023-02-15,152.73093,-1
2023-02-16,153.98355,-1
2023-02-17,153.75043,-1
2023-02-21,152.94026,-1
2023-02-22,150.38083,-1
2023-02-23,149.33427,-1
2023-02-24,149.20882,-1
2023-02-27,147.7802,-1
2023-02-28,147.68747,-1
2023-03-01,147.45465,-1
2023-03-02,146.22362,-1
2023-03-03,145.91675,-1
2023-03-06,148.54636,-1
2023-03-07,151.40787,-1
2023-03-08,151.54604,0
2023-03-09,152.11548,0
2023-03-10,151.19696,0
2023-03-13,149.58151,0
2023-03-14,149.84737,0
2023-03-15,151.20764,0
2023-03-16,152.10681,-1
2023-03-17,154.00182,0
2023-03-20,154.47835,0
2023-03-21,155.87933,0
2023-03-22,157.57048,0
2023-03-23,157.59567,0
2023-03-24,158.08917,0
2023-03-27,159.04294,0
2023-03-28,158.46786,0
2023-03-29,157.78134,0
2023-03-30,159.11122,0
2023-03-31,160.68098,-1
2023-04-03,162.75125,-1
2023-04-04,164.39586,-1
2023-04-05,164.83693,1
2023-04-06,163.98196,1
2023-04-10,163.99117,0
2023-04-11,162.6638,-1
2023-04-12,161.32951,-1
2023-04-13,160.35176,0
2023-04-14,162.80716,0
2023-04-17,163.95003,1
2023-04-18,164.40001,1
2023-04-19,165.2166,1
2023-04-20,166.22331,1
2023-04-21,166.17903,1
2023-04-24,165.23784,1
2023-04-25,164.91946,0
2023-04-26,163.99124,0
2023-04-27,163.5259,-1
2023-04-28,165.79161,-1
2023-05-01,167.65807,-1
2023-05-02,168.43622,-1
2023-05-03,168.17296,0
2023-05-04,167.41801,-1
2023-05-05,166.17197,-1
2023-05-08,169.6691,-1
2023-05-09,171.51428,0
2023-05-10,171.3451,1
2023-05-11,172.08833,1
2023-05-12,172.58487,1
2023-05-15,172.30382,1
2023-05-16,171.86757,1
2023-05-17,171.66116,1
2023-05-18,171.9083,1
2023-05-19,173.28993,1
2023-05-22,174.04597,1
2023-05-23,173.84795,1
2023-05-24,172.31215,1
2023-05-25,171.68013,0
2023-05-26,172.05284,0
2023-05-30,173.56621,0
2023-05-31,175.30632,0
2023-06-01,176.08597,1
2023-06-02,177.87447,1
2023-06-05,179.20288,1
2023-06-06,179.06349,1
2023-06-07,178.72011,1
2023-06-08,177.82498,1
2023-06-09,178.82921,1
2023-06-12,179.60701,1
2023-06-13,181.43082,1
2023-06-14,182.07349,1
2023-06-15,182.63112,1
2023-06-16,183.9604,1
2023-06-20,184.0436,1
2023-06-21,184.05551,1
2023-06-22,183.50926,1
2023-06-23,184.81981,1
2023-06-26,185.36198,1
2023-06-27,184.82523,1
2023-06-28,185.97655,1
2023-06-29,187.22528,1
2023-06-30,187.97766,1
2023-07-03,190.57753,1
2023-07-05,191.0854,1
2023-07-06,190.6031,1
2023-07-07,190.5781,1
2023-07-10,190.00723,1
2023-07-11,188.63524,1
2023-07-12,187.68674,1
2023-07-13,188.16377,1
2023-07-14,188.86772,1
2023-07-17,189.27849,1
2023-07-18,191.16887,1
2023-07-19,191.98207,1
2023-07-20,193.00194,1
2023-07-21,192.45297,1
2023-07-24,191.4904,1
2023-07-25,191.45248,1
2023-07-26,191.94568,1
2023-07-27,192.66081,1
2023-07-28,192.33195,1
2023-07-31,193.48044,1
2023-08-01,194.41504,1
2023-08-02,194.39017,1
2023-08-03,192.74289,1
2023-08-04,191.16199,1
2023-08-07,185.64732,1
2023-08-08,181.25304,1
2023-08-09,179.81512,1
2023-08-10,178.48817,1
2023-08-11,177.76732,1
2023-08-14,177.50029,1
2023-08-15,178.27779,1
2023-08-16,177.63411,1
2023-08-17,176.78899,1
2023-08-18,175.03783,0
2023-08-21,174.44168,0
2023-08-22,174.94884,0
2023-08-23,175.97543,0
2023-08-24,178.51636,1
2023-08-25,177.27287,1
2023-08-28,177.65034,1
2023-08-29,178.75214,1
2023-08-30,181.36102,1
2023-08-31,184.49019,1
2023-09-01,186.06212,1
2023-09-05,187.51872,1
2023-09-06,188.30464,1
2023-09-07,185.07033,1
2023-09-08,180.55164,1
2023-09-11,178.74556,1
2023-09-12,178.70659,1
2023-09-13,177.18367,1
2023-09-14,175.29614,1
2023-09-15,175.21584,0
2023-09-18,174.90094,0
2023-09-19,176.29642,0
2023-09-20,177.61078,0
2023-09-21,176.31998,0
2023-09-22,174.75294,-1
2023-09-25,174.47578,-1
2023-09-26,175.10623,-1
2023-09-27,173.27806,-1
2023-09-28,171.48853,-1
2023-09-29,170.81175,-1
2023-10-02,170.84326,-1
2023-10-03,172.23634,-1
2023-10-04,172.2401,-1
2023-10-05,172.81966,0
2023-10-06,173.77647,0
2023-10-09,175.59265,-1
2023-10-10,177.26094,-1
2023-10-11,177.6976,-1
2023-10-12,178.56512,-1
2023-10-13,179.46709,-1
2023-10-16,178.90538,-1
2023-10-17,178.49536,-1
2023-10-18,177.49483,-1
2023-10-19,176.31575,-1
2023-10-20,175.56836,-1
2023-10-23,173.89528,-1
2023-10-24,173.13876,-1
2023-10-25,173.07959,0
2023-10-26,171.8596,-1
2023-10-27,169.01018,0
2023-10-30,168.31259,0
2023-10-31,169.21484,0
2023-11-01,169.97281,0
2023-11-02,171.99248,0
2023-11-03,174.8819,0
2023-11-06,175.76631,-1
2023-11-07,177.40547,0
2023-11-08,179.56102,0
2023-11-09,181.13838,0
2023-11-10,181.57332,-1
2023-11-13,183.92729,-1
2023-11-14,184.2791,-1
2023-11-15,185.70683,-1
2023-11-16,186.7241,-1
2023-11-17,188.05626,-1
2023-11-20,188.67415,-1
2023-11-21,189.83679,-1
2023-11-22,189.97769,-1
2023-11-24,190.33383,-1
2023-11-27,189.81015,-1
2023-11-28,189.4269,-1
2023-11-29,189.58192,-1
2023-11-30,189.14624,-1
2023-12-01,189.21632,-1
2023-12-04,189.95395,-1
2023-12-05,189.3819,-1
2023-12-06,191.13058,-1
2023-12-07,191.49065,-1
2023-12-08,192.59058,-1
2023-12-11,193.88876,-1
2023-12-12,193.17049,-1
2023-12-13,193.52426,-1
2023-12-14,195.44852,-1
2023-12-15,196.4972,-1
2023-12-18,196.64093,-1
2023-12-19,195.77737,-1
2023-12-20,195.87486,-1
2023-12-21,194.8769,-1
2023-12-22,194.27963,-1
2023-12-26,193.46797,0
2023-12-27,192.79782,0
2023-12-28,192.5527,0
2023-12-29,192.69011,0
2024-01-02,192.22505,0
2024-01-03,188.36795,0
2024-01-04,185.67848,0
2024-01-05,183.29448,0
2024-01-08,181.84012,0
2024-01-09,183.52887,0
2024-01-10,184.26144,0
2024-01-11,185.08318,0
2024-01-12,185.14546,0
2024-01-16,185.30038,0
2024-01-17,184.17502,0
2024-01-18,183.08713,0
2024-01-19,185.71606,0
2024-01-22,188.67007,0
2024-01-23,191.25107,0
2024-01-24,193.07771,0
2024-01-25,193.51103,0
2024-01-26,193.45656,0
2024-01-29,192.49242,0
2024-01-30,191.64215,0
2024-01-31,189.33284,0
2024-02-01,186.28659,0
2024-02-02,186.14554,0
2024-02-05,185.72437,0
2024-02-06,186.4714,0
2024-02-07,187.72728,0
2024-02-08,188.38449,0
2024-02-09,188.07538,0
2024-02-12,188.28073,-1
2024-02-13,187.51405,-1
2024-02-14,185.99936,-1
2024-02-15,184.79771,0
2024-02-16,184.11687,0
2024-02-20,183.02196,0
2024-02-21,182.10202,0
2024-02-22,182.09132,0
2024-02-23,183.21672,0
2024-02-26,182.82275,0
2024-02-27,181.83469,0
2024-02-28,182.12189,0
2024-02-29,181.6927,0
2024-03-01,181.10059,0
2024-03-04,180.24686,0
2024-03-05,177.4386,0
2024-03-06,173.41106,0
2024-03-07,170.97174,-1
2024-03-08,169.88934,-1
2024-03-11,170.38748,-1
2024-03-12,171.77171,-1
2024-03-13,172.70459,0
2024-03-14,171.9899,0
2024-03-15,172.55101,0
2024-03-18,172.68338,0
2024-03-19,173.2984,0
2024-03-20,174.85336,0
2024-03-21,176.98419,0
2024-03-22,174.13914,0
2024-03-25,173.02428,0
2024-03-26,171.86821,0
2024-03-27,170.73659,0
2024-03-28,172.12335,0
2024-04-01,171.93968,0
2024-04-02,170.99246,0
2024-04-03,169.88461,0
2024-04-04,169.79779,0
2024-04-05,169.3803,0
2024-04-08,169.57039,0
2024-04-09,169.09503,0
2024-04-10,169.48207,0
2024-04-11,168.71045,0
2024-04-12,172.12402,0
2024-04-15,174.72916,0
2024-04-16,173.82932,0
2024-04-17,171.46008,0
2024-04-18,169.56503,0
2024-04-19,168.22408,-1
2024-04-22,166.5662,-1
2024-04-23,166.23401,-1
2024-04-24,166.72168,-1
2024-04-25,168.11241,0
2024-04-26,169.25865,0
2024-04-29,169.45277,0
2024-04-30,171.70285,0
2024-05-01,171.17911,0
2024-05-02,170.2289,0
2024-05-03,171.74342,0
2024-05-06,178.03922,0
2024-05-07,180.31693,0
2024-05-08,181.47514,0
2024-05-09,182.11906,0
2024-05-10,183.34938,0
2024-05-13,183.28165,0
2024-05-14,184.87636,0
2024-05-15,186.31056,0
2024-05-16,188.15903,0
2024-05-17,189.09088,0
2024-05-20,189.47868,0
2024-05-21,190.24,0
2024-05-22,191.29922,0
2024-05-23,191.0412,0
2024-05-24,188.73647,0
2024-05-28,189.19516,0
2024-05-29,189.57661,0
2024-05-30,189.90231,0
2024-05-31,190.57137,0
2024-06-03,191.39978,0
2024-06-04,192.71942,0
2024-06-05,193.51749,0
2024-06-06,194.64638,0
2024-06-07,194.45367,0
2024-06-10,195.55055,0
2024-06-11,194.15498,0
2024-06-12,200.70316,0
2024-06-13,207.23428,0
2024-06-14,210.80716,-1
2024-06-17,211.35016,-1
2024-06-18,213.59404,-1
2024-06-20,213.48993,-1
2024-06-21,210.91719,-1
2024-06-24,208.46957,-1
2024-06-25,207.70741,-1
2024-06-26,207.94603,-1
2024-06-27,210.28404,-1
2024-06-28,211.91006,-1
2024-07-01,210.79826,-1
2024-07-02,213.31203,-1
2024-07-03,216.49294,-1
2024-07-05,218.63925,-1
2024-07-08,222.02698,0
2024-07-09,224.40472,1
2024-07-10,225.87177,1
2024-07-11,228.70093,1
2024-07-12,227.28949,1
2024-07-15,227.93312,1
2024-07-16,230.33514,1
2024-07-17,231.74718,1
2024-07-18,229.28093,1
2024-07-19,225.51605,1
2024-07-22,223.80101,1
2024-07-23,222.96327,1
2024-07-24,223.17331,1
2024-07-25,219.98528,1
2024-07-26,217.78938,0
2024-07-29,217.09146,-1
2024-07-30,217.00392,-1
2024-07-31,217.28531,-1
2024-08-01,219.1266,0
2024-08-02,218.12892,0
2024-08-05,218.28204,1
2024-08-06,212.93025,1
2024-08-07,209.11044,0
2024-08-08,208.81177,-1
2024-08-09,210.69368,-1
2024-08-12,213.19139,-1
2024-08-13,215.15596,0
2024-08-14,217.95131,0
2024-08-15,219.50317,1
2024-08-16,221.68697,1
2024-08-19,223.40628,1
2024-08-20,224.08101,1
2024-08-21,224.65045,1
2024-08-22,224.8509,1
2024-08-23,223.95915,1
2024-08-26,224.68513,1
2024-08-27,225.28775,1
2024-08-28,225.99295,1
2024-08-29,225.52612,1
2024-08-30,226.94685,1
2024-09-03,227.29749,1
2024-09-04,224.18034,1
2024-09-05,221.56938,1
2024-09-06,221.20615,1
2024-09-09,220.36575,1
2024-09-10,219.99902,1
2024-09-11,219.44357,1
2024-09-12,220.49628,1
2024-09-13,221.12398,1
2024-09-16,221.24228,1
2024-09-17,218.06616,1
2024-09-18,216.67256,1
2024-09-19,218.16545,1
2024-09-20,223.23618,1
2024-09-23,225.40076,1
2024-09-24,225.3183,1
2024-09-25,225.61601,1
2024-09-26,225.26263,1
2024-09-27,225.66034,1
2024-09-30,226.02692,1
2024-10-01,228.87468,1
2024-10-02,226.81837,1
2024-10-03,225.89093,1
2024-10-04,224.96703,1
2024-10-07,225.13141,1
2024-10-08,222.63136,1
2024-10-09,223.44505,1
2024-10-10,225.95256,1
2024-10-11,226.93037,1
2024-10-14,226.51482,1
2024-10-15,228.17642,1
2024-10-16,230.36552,1
2024-10-17,230.3269,1
2024-10-18,230.37057,1
2024-10-21,231.86284,1
2024-10-22,233.38692,1
2024-10-23,233.76369,1
2024-10-24,231.24956,1
2024-10-25,229.84392,1
2024-10-28,229.70575,1
2024-10-29,230.74019,1
2024-10-30,231.41554,1
2024-10-31,229.86382,1
2024-11-01,226.86955,1
2024-11-04,223.87708,1
2024-11-05,222.05226,1
2024-11-06,222.03352,1
2024-11-07,221.74965,1
2024-11-08,224.05707,1
2024-11-11,225.11435,1
2024-11-12,224.10767,1
2024-11-13,223.52893,1
2024-11-14,223.75261,1
2024-11-15,225.50214,1
2024-11-18,224.72363,1
2024-11-19,225.78004,1
2024-11-20,226.50311,1
2024-11-21,227.18343,1
2024-11-22,227.2432,1
2024-11-25,227.93114,1
2024-11-26,229.82669,1
2024-11-27,231.88495,1
2024-11-29,232.76276,1
2024-12-02,234.32652,1
2024-12-03,236.23859,1
2024-12-04,238.69633,1
2024-12-05,240.03036,1
2024-12-06,240.58887,1
2024-12-09,240.69946,1
2024-12-10,242.72568,1
2024-12-11,244.28029,1
2024-12-12,244.30705,1
2024-12-13,244.98315,1
2024-12-16,245.41798,1
2024-12-17,247.08592,0
2024-12-18,249.15703,0
2024-12-19,247.3576,1
2024-12-20,247.20543,1
2024-12-23,249.62654,1
2024-12-24,251.27075,1
2024-12-26,253.45673,1
2024-12-27,254.89615,1
2024-12-30,253.76945,1
2024-12-31,251.39229,1
2025-01-02,249.34096,1
2025-01-03,245.082,0
2025-01-06,242.77019,-1
2025-01-07,242.67052,-1
2025-01-08,241.32309,-1
2025-01-10,240.88324,-1
2025-01-13,237.736,-1
2025-01-14,234.88722,0
2025-01-15,233.033,0
2025-01-16,234.60242,0
2025-01-17,230.56833,0
2025-01-21,229.28816,0
2025-01-22,225.07787,0
2025-01-23,223.60345,0
2025-01-24,223.0027,0
2025-01-27,222.3197,0
2025-01-28,225.65448,0
2025-01-29,231.71979,0
2025-01-30,235.19151,-1
2025-01-31,235.70541,-1
2025-02-03,234.95428,-1
2025-02-04,230.43556,-1
2025-02-05,230.63644,-1
2025-02-06,230.83861,-1
2025-02-07,231.31467,-1
2025-02-10,228.66634,-1
2025-02-11,227.41875,-1
2025-02-12,229.49783,-1
2025-02-13,232.8211,-1
2025-02-14,236.7901,-1
2025-02-18,240.19885,-1
2025-02-19,241.6473,-1
2025-02-20,242.39915,-1
2025-02-21,243.19708,-1
2025-02-24,243.42477,-1
2025-02-25,244.29155,-1
2025-02-26,244.69527,-1
2025-02-27,241.4372,-1
2025-02-28,238.17828,-1
2025-03-03,239.03024,-1
2025-03-04,237.70265,-1
2025-03-05,235.8901,-1
2025-03-06,234.93925,0
2025-03-07,234.34496,0
2025-03-10,236.01375,0
2025-03-11,230.93604,-1
2025-03-12,224.79742,0
2025-03-13,219.94421,0
2025-03-14,214.0134,0
2025-03-17,213.22913,0
2025-03-18,213.43286,0
2025-03-19,212.89023,0
2025-03-20,213.91653,0
2025-03-21,213.87662,0
2025-03-24,215.95787,0
2025-03-25,218.30296,0
2025-03-26,220.94667,0
2025-03-27,221.01546,0
2025-03-28,222.0988,0
2025-03-31,219.57082,0
2025-04-01,220.40642,0
2025-04-02,221.53668,0
2025-04-03,222.42976,0
2025-04-04,212.05608,0
