Price,Close,Regime
Ticker,MSFT,
Date,,
2020-01-02,153.3232879638672,Bear
2020-01-03,151.41412353515625,Bear
2020-01-06,151.80548095703125,Bear
2020-01-07,150.42135620117188,Bear
2020-01-08,152.81736755371094,Bear
2020-01-09,154.7264862060547,Bear
2020-01-10,154.01058959960938,Bear
2020-01-13,155.86239624023438,Bear
2020-01-14,154.76467895507812,Bear
2020-01-15,155.76693725585938,Bear
2020-01-16,158.62109375,Bear
2020-01-17,159.50888061523438,Bear
2020-01-21,158.93614196777344,Bear
2020-01-22,158.17245483398438,Bear
2020-01-23,159.14613342285156,Bear
2020-01-24,157.54246520996094,Bear
2020-01-27,154.90785217285156,Bear
2020-01-28,157.94338989257812,Bear
2020-01-29,160.4062042236328,Bear
2020-01-30,164.9308319091797,Bear
2020-01-31,162.4967041015625,Bear
2020-02-03,166.4582061767578,Bear
2020-02-04,171.93740844726562,Bear
2020-02-05,171.72738647460938,Bear
2020-02-06,175.2879638671875,Bear
2020-02-07,175.53616333007812,Bear
2020-02-10,180.12767028808594,Bear
2020-02-11,176.06114196777344,Bear
2020-02-12,176.31887817382812,Bear
2020-02-13,175.3643341064453,Bear
2020-02-14,176.9298095703125,Bear
2020-02-18,178.7244415283203,Bear
2020-02-19,179.26043701171875,Bear
2020-02-20,176.52288818359375,Bear
2020-02-21,170.9425811767578,Bear
2020-02-24,163.57229614257812,Bear
2020-02-25,160.87301635742188,Bear
2020-02-26,162.8831024169922,Bear
2020-02-27,151.406494140625,Bear
2020-02-28,155.072509765625,Bear
2020-03-02,165.39089965820312,Bear
2020-03-03,157.46548461914062,Bear
2020-03-04,163.24684143066406,Bear
2020-03-05,159.15013122558594,Bear
2020-03-06,154.65135192871094,Bear
2020-03-09,144.1702423095703,Bear
2020-03-10,154.0291748046875,Bear
2020-03-11,147.05137634277344,Bear
2020-03-12,133.1052703857422,Bear
2020-03-13,152.02867126464844,Bear
2020-03-16,129.62112426757812,Bear
2020-03-17,140.29371643066406,Bear
2020-03-18,134.38784790039062,Bear
2020-03-19,136.59898376464844,Bear
2020-03-20,131.46852111816406,Bear
2020-03-23,130.15713500976562,Bear
2020-03-24,141.98788452148438,Bear
2020-03-25,140.62869262695312,Bear
2020-03-26,149.42518615722656,Bear
2020-03-27,143.28965759277344,Bear
2020-03-30,153.36874389648438,Bear
2020-03-31,150.95668029785156,Bear
2020-04-01,145.5964813232422,Bear
2020-04-02,148.611572265625,Bear
2020-04-03,147.24278259277344,Bear
2020-04-06,158.19296264648438,Bear
2020-04-07,156.4891357421875,Bear
2020-04-08,158.05889892578125,Bear
2020-04-09,158.0684814453125,Bear
2020-04-13,158.4226531982422,Bear
2020-04-14,166.26193237304688,Bear
2020-04-15,164.5198974609375,Bear
2020-04-16,169.45892333984375,Bear
2020-04-17,170.95211791992188,Bear
2020-04-20,167.563720703125,Bear
2020-04-21,160.6337432861328,Bear
2020-04-22,166.08966064453125,Bear
2020-04-23,164.07957458496094,Bear
2020-04-24,167.0755157470703,Bear
2020-04-27,166.5969696044922,Bear
2020-04-28,162.53851318359375,Bear
2020-04-29,169.8322296142578,Bear
2020-04-30,171.5360107421875,Bear
2020-05-01,167.09471130371094,Bear
2020-05-04,171.18185424804688,Bear
2020-05-05,173.01959228515625,Bear
2020-05-06,174.72340393066406,Bear
2020-05-07,175.73800659179688,Bear
2020-05-08,176.7717742919922,Bear
2020-05-11,178.74359130859375,Bear
2020-05-12,174.6947021484375,Bear
2020-05-13,172.05288696289062,Bear
2020-05-14,172.79949951171875,Bear
2020-05-15,175.3168487548828,Bear
2020-05-18,176.99192810058594,Bear
2020-05-19,175.76673889160156,Bear
2020-05-20,178.20472717285156,Bear
2020-05-21,176.06430053710938,Bear
2020-05-22,176.14108276367188,Bear
2020-05-26,174.2789764404297,Bear
2020-05-27,174.50933837890625,Bear
2020-05-28,174.11575317382812,Bear
2020-05-29,175.8915252685547,Bear
2020-06-01,175.4883575439453,Bear
2020-06-02,177.48486328125,Bear
2020-06-03,177.91680908203125,Bear
2020-06-04,175.5747528076172,Bear
2020-06-05,179.6829071044922,Bear
2020-06-08,180.7963104248047,Bear
2020-06-09,182.17849731445312,Bear
2020-06-10,188.93582153320312,Bear
2020-06-11,178.79025268554688,Bear
2020-06-12,180.20123291015625,Bear
2020-06-15,181.35305786132812,Bear
2020-06-16,185.79708862304688,Bear
2020-06-17,186.44021606445312,Bear
2020-06-18,188.43667602539062,Bear
2020-06-19,187.3136749267578,Bear
2020-06-22,192.51602172851562,Bear
2020-06-23,193.80223083496094,Bear
2020-06-24,189.89564514160156,Bear
2020-06-25,192.2952423095703,Bear
2020-06-26,188.44627380371094,Bear
2020-06-29,190.4715118408203,Bear
2020-06-30,195.3379669189453,Bear
2020-07-01,196.48016357421875,Bear
2020-07-02,197.97752380371094,Bull
2020-07-06,202.23924255371094,Bull
2020-07-07,199.88763427734375,Bull
2020-07-08,204.2837371826172,Bull
2020-07-09,205.71388244628906,Bull
2020-07-10,205.08998107910156,Bull
2020-07-13,198.75502014160156,Bull
2020-07-14,199.983642578125,Bull
2020-07-15,199.6860809326172,Bull
2020-07-16,195.7315216064453,Bull
2020-07-17,194.7332763671875,Bull
2020-07-20,203.10308837890625,Bull
2020-07-21,200.36753845214844,Bull
2020-07-22,203.24710083007812,Bull
2020-07-23,194.40692138671875,Bull
2020-07-24,193.2167205810547,Bull
2020-07-27,195.66432189941406,Bull
2020-07-28,193.9077911376953,Bull
2020-07-29,195.86587524414062,Bull
2020-07-30,195.71226501464844,Bull
2020-07-31,196.7777099609375,Bull
2020-08-03,207.84471130371094,Bull
2020-08-04,204.7252655029297,Bull
2020-08-05,204.38929748535156,Bull
2020-08-06,207.662353515625,Bull
2020-08-07,203.94776916503906,Bull
2020-08-10,199.88763427734375,Bull
2020-08-11,195.21319580078125,Sideways
2020-08-12,200.78985595703125,Sideways
2020-08-13,200.31954956054688,Sideways
2020-08-14,200.51148986816406,Sideways
2020-08-17,201.83609008789062,Sideways
2020-08-18,202.99749755859375,Sideways
2020-08-19,201.76597595214844,Sideways
2020-08-20,206.46133422851562,Sideways
2020-08-21,204.96034240722656,Bull
2020-08-24,205.60499572753906,Bull
2020-08-25,208.2798309326172,Bull
2020-08-26,212.78274536132812,Bull
2020-08-27,218.0072784423828,Bull
2020-08-28,220.2491455078125,Bull
2020-08-31,216.99705505371094,Bull
2020-09-01,218.6712188720703,Bull
2020-09-02,222.8854522705078,Bull
2020-09-03,209.0784149169922,Bull
2020-09-04,206.14378356933594,Bull
2020-09-08,194.99234008789062,Bull
2020-09-09,203.29579162597656,Bull
2020-09-10,197.5997772216797,Bull
2020-09-11,196.3104705810547,Bull
2020-09-14,197.63827514648438,Bull
2020-09-15,200.88076782226562,Bull
2020-09-16,197.29190063476562,Bull
2020-09-17,195.23287963867188,Bull
2020-09-18,192.8082275390625,Bull
2020-09-21,194.87684631347656,Bull
2020-09-22,199.57220458984375,Bull
2020-09-23,193.0006103515625,Bull
2020-09-24,195.50222778320312,Bull
2020-09-25,199.95706176757812,Bull
2020-09-28,201.51580810546875,Bull
2020-09-29,199.4182891845703,Bull
2020-09-30,202.37213134765625,Bull
2020-10-01,204.4215545654297,Bull
2020-10-02,198.3887939453125,Bull
2020-10-05,202.42025756835938,Bull
2020-10-06,198.1193389892578,Bull
2020-10-07,201.8910369873047,Bull
2020-10-08,202.61265563964844,Bull
2020-10-09,207.64474487304688,Bull
2020-10-12,213.02328491210938,Bull
2020-10-13,214.42803955078125,Bull
2020-10-14,212.5037384033203,Bull
2020-10-15,211.34912109375,Bull
2020-10-16,211.34912109375,Bull
2020-10-19,206.11495971679688,Bull
2020-10-20,206.52870178222656,Bull
2020-10-21,206.67298889160156,Bull
2020-10-22,206.7595672607422,Bull
2020-10-23,208.04888916015625,Bull
2020-10-26,202.13160705566406,Bull
2020-10-27,205.181640625,Bull
2020-10-28,195.01153564453125,Bull
2020-10-29,196.974365234375,Sideways
2020-10-30,194.80950927734375,Bull
2020-11-02,194.6748046875,Sideways
2020-11-03,198.61965942382812,Sideways
2020-11-04,208.20281982421875,Sideways
2020-11-05,214.84176635742188,Bull
2020-11-06,215.25552368164062,Bull
2020-11-09,210.127197265625,Bull
2020-11-10,203.02639770507812,Bull
2020-11-11,208.35679626464844,Bull
2020-11-12,207.28878784179688,Bull
2020-11-13,208.31826782226562,Bull
2020-11-16,209.0110626220703,Bull
2020-11-17,206.34585571289062,Bull
2020-11-18,203.6254425048828,Sideways
2020-11-19,204.91810607910156,Sideways
2020-11-20,202.95982360839844,Bull
2020-11-23,202.689697265625,Bull
2020-11-24,206.30726623535156,Sideways
2020-11-25,206.31692504882812,Bull
2020-11-27,207.62884521484375,Bull
2020-11-30,206.50985717773438,Bull
2020-12-01,208.57427978515625,Bull
2020-12-02,207.76393127441406,Bull
2020-12-03,206.6738739013672,Bull
2020-12-04,206.7896270751953,Sideways
2020-12-07,206.7220916748047,Sideways
2020-12-08,208.38134765625,Sideways
2020-12-09,204.3200225830078,Sideways
2020-12-10,203.08522033691406,Sideways
2020-12-11,205.7284698486328,Sideways
2020-12-14,206.63525390625,Sideways
2020-12-15,206.56776428222656,Sideways
2020-12-16,211.5358428955078,Sideways
2020-12-17,211.67091369628906,Sideways
2020-12-18,210.87020874023438,Sideways
2020-12-21,214.7289581298828,Sideways
2020-12-22,216.03131103515625,Sideways
2020-12-23,213.21441650390625,Sideways
2020-12-24,214.88330078125,Sideways
2020-12-28,217.01524353027344,Sideways
2020-12-29,216.23390197753906,Sideways
2020-12-30,213.8511199951172,Sideways
2020-12-31,214.56497192382812,Sideways
2021-01-04,210.0020294189453,Sideways
2021-01-05,210.20458984375,Sideways
2021-01-06,204.75411987304688,Bear
2021-01-07,210.580810546875,Sideways
2021-01-08,211.86383056640625,Sideways
2021-01-11,209.80909729003906,Sideways
2021-01-12,207.3394775390625,Bear
2021-01-13,208.69969177246094,Sideways
2021-01-14,205.49693298339844,Sideways
2021-01-15,205.13999938964844,Sideways
2021-01-19,208.7961883544922,Bear
2021-01-20,216.4171600341797,Sideways
2021-01-21,217.0249481201172,Sideways
2021-01-22,217.97027587890625,Sideways
2021-01-25,221.423828125,Sideways
2021-01-26,224.12496948242188,Sideways
2021-01-27,224.6748504638672,Sideways
2021-01-28,230.49188232421875,Sideways
2021-01-29,223.7680206298828,Bull
2021-02-01,231.18649291992188,Sideways
2021-02-02,231.05142211914062,Bull
2021-02-03,234.41815185546875,Sideways
2021-02-04,233.46311950683594,Sideways
2021-02-05,233.64642333984375,Sideways
2021-02-08,233.9068603515625,Sideways
2021-02-09,235.16098022460938,Sideways
2021-02-10,234.2445068359375,Bull
2021-02-11,235.85556030273438,Bull
2021-02-12,236.33787536621094,Bull
2021-02-16,235.0934295654297,Bull
2021-02-17,236.11834716796875,Bull
2021-02-18,235.72193908691406,Bull
2021-02-19,232.9952392578125,Sideways
2021-02-22,226.7490234375,Sideways
2021-02-23,225.55007934570312,Sideways
2021-02-24,226.7877197265625,Sideways
2021-02-25,221.41172790527344,Sideways
2021-02-26,224.68951416015625,Sideways
2021-03-01,229.09861755371094,Bear
2021-03-02,226.13018798828125,Sideways
2021-03-03,220.02906799316406,Sideways
2021-03-04,219.22650146484375,Sideways
2021-03-05,223.9353485107422,Sideways
2021-03-08,219.8646240234375,Sideways
2021-03-09,226.04322814941406,Bear
2021-03-10,224.72821044921875,Sideways
2021-03-11,229.28233337402344,Sideways
2021-03-12,227.94801330566406,Sideways
2021-03-15,227.03912353515625,Sideways
2021-03-16,229.8431396484375,Sideways
2021-03-17,229.19529724121094,Bull
2021-03-18,223.08445739746094,Sideways
2021-03-19,222.72674560546875,Sideways
2021-03-22,228.1800537109375,Sideways
2021-03-23,229.71742248535156,Bull
2021-03-24,227.66761779785156,Bull
2021-03-25,224.65086364746094,Sideways
2021-03-26,228.6538543701172,Bull
2021-03-29,227.45489501953125,Bull
2021-03-30,224.1770782470703,Sideways
2021-03-31,227.96734619140625,Sideways
2021-04-01,234.32957458496094,Sideways
2021-04-05,240.82716369628906,Sideways
2021-04-06,239.65724182128906,Bull
2021-04-07,241.6296844482422,Bull
2021-04-08,244.86883544921875,Bull
2021-04-09,247.38282775878906,Bull
2021-04-12,247.44081115722656,Bull
2021-04-13,249.93545532226562,Bull
2021-04-14,247.13140869140625,Bull
2021-04-15,250.91204833984375,Sideways
2021-04-16,252.1110076904297,Bull
2021-04-19,250.17713928222656,Bull
2021-04-20,249.71307373046875,Bull
2021-04-21,251.9562530517578,Bull
2021-04-22,248.65914916992188,Bull
2021-04-23,252.5074005126953,Bull
2021-04-26,252.89419555664062,Bull
2021-04-27,253.30026245117188,Bull
2021-04-28,246.13548278808594,Bull
2021-04-29,244.1533203125,Bull
2021-04-30,243.83428955078125,Bull
2021-05-03,243.52484130859375,Bull
2021-05-04,239.5895538330078,Bull
2021-05-05,238.31321716308594,Bull
2021-05-06,241.46533203125,Bull
2021-05-07,244.10501098632812,Bull
2021-05-10,238.99972534179688,Bull
2021-05-11,238.08114624023438,Sideways
2021-05-12,231.0904541015625,Sideways
2021-05-13,234.987060546875,Sideways
2021-05-14,239.93760681152344,Sideways
2021-05-17,237.06591796875,Sideways
2021-05-18,235.03543090820312,Sideways
2021-05-19,235.61691284179688,Sideways
2021-05-20,238.8732147216797,Sideways
2021-05-21,237.6036376953125,Sideways
2021-05-24,243.0404815673828,Bull
2021-05-25,243.9514617919922,Bull
2021-05-26,243.72857666015625,Bull
2021-05-27,241.6158447265625,Bull
2021-05-28,241.9744415283203,Bull
2021-06-01,239.76480102539062,Bull
2021-06-02,239.6679229736328,Sideways
2021-06-03,238.12698364257812,Sideways
2021-06-04,243.05020141601562,Sideways
2021-06-07,245.97698974609375,Bull
2021-06-08,244.77528381347656,Bull
2021-06-09,245.76377868652344,Bull
2021-06-10,249.30113220214844,Bull
2021-06-11,249.93109130859375,Bull
2021-06-14,251.869384765625,Bull
2021-06-15,250.38656616210938,Bull
2021-06-16,249.43679809570312,Bull
2021-06-17,252.84817504882812,Bull
2021-06-18,251.42356872558594,Bull
2021-06-21,254.5248260498047,Bull
2021-06-22,257.31585693359375,Bull
2021-06-23,257.0832824707031,Bull
2021-06-24,258.4595031738281,Bull
2021-06-25,256.841064453125,Bull
2021-06-28,260.4268493652344,Bull
2021-06-29,263.02410888671875,Bull
2021-06-30,262.5395812988281,Bull
2021-07-01,263.2179870605469,Bull
2021-07-02,269.08123779296875,Bull
2021-07-06,269.0909729003906,Bull
2021-07-07,271.2908935546875,Bull
2021-07-08,268.8583068847656,Bull
2021-07-09,269.3623046875,Bull
2021-07-12,268.76141357421875,Bull
2021-07-13,272.3084716796875,Bull
2021-07-14,273.791259765625,Bull
2021-07-15,272.3569030761719,Bull
2021-07-16,272.0856018066406,Bull
2021-07-19,268.4610290527344,Bull
2021-07-20,270.69976806640625,Bull
2021-07-21,272.7154235839844,Bull
2021-07-22,277.3092346191406,Bull
2021-07-23,280.7303466796875,Bull
2021-07-26,280.1294250488281,Bull
2021-07-27,277.6968994140625,Bull
2021-07-28,277.3867492675781,Bull
2021-07-29,277.6581115722656,Bull
2021-07-30,276.1171875,Bull
2021-08-02,276.0299987792969,Bull
2021-08-03,278.2589111328125,Bull
2021-08-04,277.6678161621094,Bull
2021-08-05,280.5849304199219,Bull
2021-08-06,280.5267333984375,Bull
2021-08-09,279.431640625,Bull
2021-08-10,277.60003662109375,Bull
2021-08-11,278.0942687988281,Bull
2021-08-12,280.86602783203125,Bull
2021-08-13,283.8121337890625,Bull
2021-08-16,285.5080871582031,Bull
2021-08-17,284.0350646972656,Bull
2021-08-18,282.2969665527344,Bull
2021-08-19,288.16180419921875,Bull
2021-08-20,295.53155517578125,Bull
2021-08-23,295.8132629394531,Bull
2021-08-24,293.84210205078125,Bull
2021-08-25,293.2497863769531,Bull
2021-08-26,290.4145202636719,Bull
2021-08-27,291.02618408203125,Bull
2021-08-30,294.7839660644531,Bull
2021-08-31,293.12359619140625,Bull
2021-09-01,293.0749816894531,Bull
2021-09-02,292.4147644042969,Bull
2021-09-03,292.405029296875,Bull
2021-09-07,291.47283935546875,Bull
2021-09-08,291.5020446777344,Bull
2021-09-09,288.62786865234375,Bull
2021-09-10,287.132568359375,Bull
2021-09-13,288.3753967285156,Bull
2021-09-14,291.09417724609375,Bull
2021-09-15,295.97833251953125,Bull
2021-09-16,296.3666076660156,Bull
2021-09-17,291.1719055175781,Bull
2021-09-20,285.7633972167969,Bull
2021-09-21,286.2488708496094,Bull
2021-09-22,289.91925048828125,Bull
2021-09-23,290.87091064453125,Bull
2021-09-24,290.66693115234375,Bull
2021-09-27,285.6371765136719,Bull
2021-09-28,275.29608154296875,Bull
2021-09-29,275.76220703125,Bull
2021-09-30,273.7425537109375,Bull
2021-10-01,280.71429443359375,Bull
2021-10-04,274.8980407714844,Bull
2021-10-05,280.3841247558594,Sideways
2021-10-06,284.6080017089844,Sideways
2021-10-07,286.2974548339844,Bull
2021-10-08,286.2974548339844,Sideways
2021-10-11,285.69549560546875,Sideways
2021-10-12,284.3846130371094,Sideways
2021-10-13,287.715087890625,Sideways
2021-10-14,293.96832275390625,Sideways
2021-10-15,295.3859558105469,Bull
2021-10-18,298.3766174316406,Bull
2021-10-19,299.2893981933594,Bull
2021-10-20,298.4931945800781,Bull
2021-10-21,301.7459716796875,Bull
2021-10-22,300.19232177734375,Bull
2021-10-25,299.1922607421875,Bull
2021-10-26,301.11480712890625,Bull
2021-10-27,313.7960205078125,Bull
2021-10-28,314.9418029785156,Bull
2021-10-29,322.00091552734375,Bull
2021-11-01,319.8161926269531,Bull
2021-11-02,323.4671325683594,Bull
2021-11-03,324.31182861328125,Bull
2021-11-04,326.68109130859375,Bull
2021-11-05,326.3121032714844,Bull
2021-11-08,327.21514892578125,Bull
2021-11-09,326.2053527832031,Bull
2021-11-10,321.2046203613281,Bull
2021-11-11,322.78741455078125,Bull
2021-11-12,326.9529724121094,Bull
2021-11-15,326.3218688964844,Bull
2021-11-16,329.6620178222656,Bull
2021-11-17,329.8857727050781,Bull
2021-11-18,331.9772033691406,Bull
2021-11-19,333.76708984375,Bull
2021-11-22,330.5763854980469,Bull
2021-11-23,328.4849853515625,Bull
2021-11-24,328.708740234375,Bull
2021-11-26,320.7027893066406,Bull
2021-11-29,327.46356201171875,Bull
2021-11-30,321.5880432128906,Bull
2021-12-01,321.0919189453125,Bull
2021-12-02,320.5180358886719,Bull
2021-12-03,314.2144775390625,Bull
2021-12-06,317.307861328125,Bull
2021-12-07,325.8001708984375,Bull
2021-12-08,325.84881591796875,Bull
2021-12-09,324.0296936035156,Bull
2021-12-10,333.212646484375,Bull
2021-12-13,330.158203125,Bull
2021-12-14,319.39935302734375,Bull
2021-12-15,325.5374450683594,Bull
2021-12-16,316.0530090332031,Bull
2021-12-17,314.98297119140625,Bull
2021-12-20,311.1988525390625,Bull
2021-12-21,318.3779296875,Bull
2021-12-22,324.1270446777344,Bull
2021-12-23,325.5763854980469,Bull
2021-12-27,333.1251525878906,Bull
2021-12-28,331.95782470703125,Bull
2021-12-29,332.6387023925781,Bull
2021-12-30,330.080322265625,Bull
2021-12-31,327.1620178222656,Bull
2022-01-03,325.6347961425781,Bull
2022-01-04,320.0511169433594,Bull
2022-01-05,307.7650146484375,Bull
2022-01-06,305.33306884765625,Sideways
2022-01-07,305.4886779785156,Sideways
2022-01-10,305.71246337890625,Sideways
2022-01-11,306.4031066894531,Sideways
2022-01-12,309.603515625,Sideways
2022-01-13,296.500244140625,Sideways
2022-01-14,301.7532958984375,Sideways
2022-01-18,294.4088439941406,Sideways
2022-01-19,295.0703125,Sideways
2022-01-20,293.3874816894531,Sideways
2022-01-21,287.9691467285156,Bear
2022-01-24,288.2998352050781,Sideways
2022-01-25,280.63433837890625,Sideways
2022-01-26,288.6305847167969,Sideways
2022-01-27,291.6753845214844,Sideways
2022-01-28,299.86614990234375,Sideways
2022-01-31,302.5120544433594,Sideways
2022-02-01,300.3525085449219,Sideways
2022-02-02,304.92449951171875,Sideways
2022-02-03,293.04693603515625,Sideways
2022-02-04,297.60931396484375,Sideways
2022-02-07,292.75518798828125,Sideways
2022-02-08,296.266845703125,Sideways
2022-02-09,302.73577880859375,Sideways
2022-02-10,294.1462097167969,Sideways
2022-02-11,287.0061340332031,Sideways
2022-02-14,286.9671936035156,Sideways
2022-02-15,292.28826904296875,Sideways
2022-02-16,291.947021484375,Sideways
2022-02-17,283.39825439453125,Sideways
2022-02-18,280.6688232421875,Sideways
2022-02-22,280.4641418457031,Bear
2022-02-23,273.2019958496094,Bear
2022-02-24,287.160888671875,Bear
2022-02-25,289.812255859375,Sideways
2022-02-28,291.25494384765625,Sideways
2022-03-01,287.51177978515625,Sideways
2022-03-02,292.6196594238281,Sideways
2022-03-03,288.45733642578125,Sideways
2022-03-04,282.5501708984375,Sideways
2022-03-07,271.87628173828125,Sideways
2022-03-08,268.8935241699219,Bear
2022-03-09,281.22442626953125,Bear
2022-03-10,278.3878479003906,Sideways
2022-03-11,273.0070495605469,Sideways
2022-03-14,269.4686279296875,Bear
2022-03-15,279.90850830078125,Bear
2022-03-16,286.9659729003906,Sideways
2022-03-17,287.77496337890625,Sideways
2022-03-18,292.8536071777344,Sideways
2022-03-21,291.61566162109375,Sideways
2022-03-22,296.39202880859375,Sideways
2022-03-23,291.93731689453125,Sideways
2022-03-24,296.4310607910156,Sideways
2022-03-25,296.0216064453125,Sideways
2022-03-28,302.86468505859375,Sideways
2022-03-29,307.455810546875,Bear
2022-03-30,305.94488525390625,Sideways
2022-03-31,300.534912109375,Sideways
2022-04-01,301.61688232421875,Sideways
2022-04-04,307.02691650390625,Sideways
2022-04-05,303.04010009765625,Sideways
2022-04-06,291.947021484375,Sideways
2022-04-07,293.7699279785156,Sideways
2022-04-08,289.48089599609375,Sideways
2022-04-11,278.0661926269531,Sideways
2022-04-12,274.94683837890625,Sideways
2022-04-13,280.3666076660156,Sideways
2022-04-14,272.7731018066406,Sideways
2022-04-18,273.4457092285156,Bear
2022-04-19,278.1051940917969,Bear
2022-04-20,279.1383972167969,Bear
2022-04-21,273.7283935546875,Bear
2022-04-22,267.119384765625,Bear
2022-04-25,273.6406555175781,Bear
2022-04-26,263.4054870605469,Bear
2022-04-27,276.0776062011719,Bear
2022-04-28,282.3258972167969,Bear
2022-04-29,270.5213928222656,Bear
2022-05-02,277.2960510253906,Bear
2022-05-03,274.67388916015625,Bear
2022-05-04,282.6671447753906,Bear
2022-05-05,270.3556213378906,Bear
2022-05-06,267.8017272949219,Bear
2022-05-09,257.9076232910156,Bear
2022-05-10,262.7036437988281,Bear
2022-05-11,253.97930908203125,Bear
2022-05-12,248.9104766845703,Bear
2022-05-13,254.53497314453125,Bear
2022-05-16,254.9053192138672,Bear
2022-05-17,260.09124755859375,Bear
2022-05-18,248.24935913085938,Bear
2022-05-19,247.33090209960938,Bear
2022-05-20,246.7642059326172,Bear
2022-05-23,254.6685791015625,Bear
2022-05-24,253.66220092773438,Bear
2022-05-25,256.49566650390625,Bear
2022-05-26,259.798095703125,Bear
2022-05-27,266.9696350097656,Bear
2022-05-31,265.631103515625,Bear
2022-06-01,266.1684875488281,Bear
2022-06-02,268.2789001464844,Bear
2022-06-03,263.82354736328125,Bear
2022-06-06,262.5826721191406,Bear
2022-06-07,266.2466735839844,Bear
2022-06-08,264.20465087890625,Bear
2022-06-09,258.713623046875,Bear
2022-06-10,247.18435668945312,Bear
2022-06-13,236.70059204101562,Bear
2022-06-14,238.87939453125,Bear
2022-06-15,245.98257446289062,Bear
2022-06-16,239.34837341308594,Bear
2022-06-17,241.96690368652344,Bear
2022-06-21,247.91714477539062,Bear
2022-06-22,247.32113647460938,Bear
2022-06-23,252.9196319580078,Bear
2022-06-24,261.5567932128906,Bear
2022-06-27,258.8113098144531,Bear
2022-06-28,250.59425354003906,Bear
2022-06-29,254.28753662109375,Bear
2022-06-30,250.9362335205078,Bear
2022-07-01,253.6231231689453,Bear
2022-07-05,256.81805419921875,Bear
2022-07-06,260.1009826660156,Bear
2022-07-07,262.24072265625,Bear
2022-07-08,261.5176696777344,Bear
2022-07-11,258.4400329589844,Bear
2022-07-12,247.84872436523438,Bear
2022-07-13,246.92054748535156,Bear
2022-07-14,248.24935913085938,Bear
2022-07-15,250.82872009277344,Bear
2022-07-18,248.41542053222656,Bear
2022-07-19,253.5742950439453,Bear
2022-07-20,256.2513122558594,Bear
2022-07-21,258.76239013671875,Bear
2022-07-22,254.3852081298828,Bear
2022-07-25,252.8903045654297,Bear
2022-07-26,246.11935424804688,Bear
2022-07-27,262.57293701171875,Bear
2022-07-28,270.06689453125,Bear
2022-07-29,274.2975769042969,Bear
2022-08-01,271.6302185058594,Bear
2022-08-02,268.5133972167969,Bear
2022-08-03,275.98785400390625,Bear
2022-08-04,277.1407470703125,Bear
2022-08-05,276.4177551269531,Bear
2022-08-08,273.8871765136719,Bear
2022-08-09,275.8217468261719,Bear
2022-08-10,282.5242614746094,Bear
2022-08-11,280.4333801269531,Sideways
2022-08-12,285.2112121582031,Bear
2022-08-15,286.7354431152344,Sideways
2022-08-16,285.99285888671875,Sideways
2022-08-17,285.2389221191406,Sideways
2022-08-18,284.1128845214844,Sideways
2022-08-19,280.17681884765625,Sideways
2022-08-22,271.9521179199219,Sideways
2022-08-23,270.6695251464844,Sideways
2022-08-24,270.0331115722656,Sideways
2022-08-25,273.0292053222656,Sideways
2022-08-26,262.4938049316406,Bear
2022-08-29,259.69354248046875,Bear
2022-08-30,257.480712890625,Bear
2022-08-31,256.011962890625,Bear
2022-09-01,254.96434020996094,Bear
2022-09-02,250.7149200439453,Bear
2022-09-06,247.9635772705078,Bear
2022-09-07,252.70257568359375,Bear
2022-09-08,253.12355041503906,Bear
2022-09-09,258.9395751953125,Bear
2022-09-12,261.0838928222656,Bear
2022-09-13,246.7299041748047,Sideways
2022-09-14,246.955078125,Bear
2022-09-15,240.25787353515625,Bear
2022-09-16,239.6312255859375,Bear
2022-09-19,239.41580200195312,Bear
2022-09-20,237.38902282714844,Bear
2022-09-21,233.96209716796875,Bear
2022-09-22,235.94969177246094,Bear
2022-09-23,232.95359802246094,Bear
2022-09-26,232.493408203125,Bear
2022-09-27,231.47509765625,Bear
2022-09-28,236.03785705566406,Bear
2022-09-29,232.54237365722656,Bear
2022-09-30,228.03836059570312,Bear
2022-10-03,235.71473693847656,Bear
2022-10-04,243.68479919433594,Bear
2022-10-05,243.99810791015625,Bear
2022-10-06,241.63844299316406,Bear
2022-10-07,229.35043334960938,Bear
2022-10-10,224.464599609375,Bear
2022-10-11,220.70474243164062,Bear
2022-10-12,221.0376434326172,Bear
2022-10-13,229.35043334960938,Bear
2022-10-14,223.78897094726562,Bear
2022-10-17,232.57174682617188,Bear
2022-10-18,233.521484375,Bear
2022-10-19,231.5436553955078,Bear
2022-10-20,231.2205352783203,Bear
2022-10-21,237.06591796875,Bear
2022-10-24,242.0888671875,Bear
2022-10-25,245.4276580810547,Bear
2022-10-26,226.4913787841797,Bear
2022-10-27,222.0167694091797,Bear
2022-10-28,230.9463653564453,Bear
2022-10-31,227.28445434570312,Bear
2022-11-01,223.4071044921875,Bear
2022-11-02,215.50559997558594,Bear
2022-11-03,209.77767944335938,Bear
2022-11-04,216.76864624023438,Bear
2022-11-07,223.11338806152344,Bear
2022-11-08,224.09251403808594,Bear
2022-11-09,219.82351684570312,Bear
2022-11-10,237.90797424316406,Bear
2022-11-11,241.95175170898438,Sideways
2022-11-14,236.50782775878906,Bear
2022-11-15,236.9190673828125,Bear
2022-11-16,237.35107421875,Bear
2022-11-17,237.30197143554688,Sideways
2022-11-18,236.85031127929688,Sideways
2022-11-21,237.665283203125,Sideways
2022-11-22,240.59130859375,Bear
2022-11-23,243.09510803222656,Bear
2022-11-25,243.00674438476562,Bear
2022-11-28,237.38050842285156,Bear
2022-11-29,235.9764404296875,Bear
2022-11-30,250.51815795898438,Bear
2022-12-01,250.07630920410156,Bear
2022-12-02,250.40032958984375,Bear
2022-12-05,245.66763305664062,Bear
2022-12-06,240.67967224121094,Bear
2022-12-07,239.94325256347656,Bear
2022-12-08,242.91836547851562,Bear
2022-12-09,240.9742431640625,Bear
2022-12-12,247.93577575683594,Sideways
2022-12-13,252.26593017578125,Sideways
2022-12-14,252.5605010986328,Bear
2022-12-15,244.49920654296875,Sideways
2022-12-16,240.2574462890625,Sideways
2022-12-19,236.09425354003906,Sideways
2022-12-20,237.41981506347656,Sideways
2022-12-21,240.00216674804688,Sideways
2022-12-22,233.87521362304688,Bear
2022-12-23,234.40542602539062,Bear
2022-12-27,232.66749572753906,Bear
2022-12-28,230.28152465820312,Bear
2022-12-29,236.6441192626953,Bear
2022-12-30,235.47569274902344,Bear
2023-01-03,235.2400360107422,Bear
2023-01-04,224.9499053955078,Bear
2023-01-05,218.28285217285156,Bear
2023-01-06,220.85540771484375,Bear
2023-01-09,223.0057373046875,Bear
2023-01-10,224.70440673828125,Bear
2023-01-11,231.49903869628906,Bear
2023-01-12,234.1894073486328,Bear
2023-01-13,234.8963623046875,Bear
2023-01-17,235.99607849121094,Bear
2023-01-18,231.53834533691406,Bear
2023-01-19,227.7285919189453,Bear
2023-01-20,235.86842346191406,Bear
2023-01-23,238.18568420410156,Bear
2023-01-24,237.6554718017578,Bear
2023-01-25,236.25137329101562,Bear
2023-01-26,243.50750732421875,Sideways
2023-01-27,243.6645965576172,Bear
2023-01-30,238.31333923339844,Bear
2023-01-31,243.32093811035156,Bear
2023-02-01,248.17144775390625,Bear
2023-02-02,259.8067932128906,Bear
2023-02-03,253.67002868652344,Bear
2023-02-06,252.11862182617188,Bear
2023-02-07,262.7131652832031,Bear
2023-02-08,261.898193359375,Sideways
2023-02-09,258.8445129394531,Bear
2023-02-10,258.3339538574219,Bear
2023-02-13,266.4049987792969,Bear
2023-02-14,267.23974609375,Bear
2023-02-15,265.1036682128906,Bear
2023-02-16,258.0458984375,Bear
2023-02-17,254.01988220214844,Bear
2023-02-21,248.71426391601562,Bear
2023-02-22,247.5724334716797,Bear
2023-02-23,250.7814178466797,Bear
2023-02-24,245.3183135986328,Bear
2023-02-27,246.24359130859375,Bear
2023-02-28,245.5151824951172,Bear
2023-03-01,242.41448974609375,Bear
2023-03-02,247.17872619628906,Bear
2023-03-03,251.2932586669922,Sideways
2023-03-06,252.84854125976562,Sideways
2023-03-07,250.171142578125,Sideways
2023-03-08,249.7281494140625,Sideways
2023-03-09,248.3697967529297,Sideways
2023-03-10,244.6981658935547,Sideways
2023-03-13,249.9447479248047,Sideways
2023-03-14,256.7071838378906,Sideways
2023-03-15,261.2843933105469,Sideways
2023-03-16,271.8759460449219,Bear
2023-03-17,275.05535888671875,Sideways
2023-03-20,267.9680480957031,Sideways
2023-03-21,269.4938049316406,Sideways
2023-03-22,268.02716064453125,Sideways
2023-03-23,273.3130187988281,Sideways
2023-03-24,276.1775207519531,Bull
2023-03-27,272.0531311035156,Bull
2023-03-28,270.9211120605469,Bull
2023-03-29,276.1184387207031,Bull
2023-03-30,279.60302734375,Bull
2023-03-31,283.7864685058594,Bull
2023-04-03,282.7332458496094,Bull
2023-04-04,282.68402099609375,Bull
2023-04-05,279.88848876953125,Bull
2023-04-06,287.0348205566406,Sideways
2023-04-10,284.8594055175781,Bull
2023-04-11,278.402099609375,Bull
2023-04-12,279.05181884765625,Bull
2023-04-13,285.3023681640625,Bull
2023-04-14,281.6603088378906,Bull
2023-04-17,284.27862548828125,Bull
2023-04-18,283.8553771972656,Bull
2023-04-19,283.93414306640625,Bull
2023-04-20,281.6307678222656,Bull
2023-04-21,281.2862854003906,Bull
2023-04-24,277.35870361328125,Bull
2023-04-25,271.1081848144531,Bull
2023-04-26,290.7457580566406,Sideways
2023-04-27,300.05767822265625,Bull
2023-04-28,302.4496154785156,Bull
2023-05-01,300.7762451171875,Bull
2023-05-02,300.6286315917969,Bull
2023-05-03,299.6343688964844,Bull
2023-05-04,300.6286315917969,Bull
2023-05-05,305.78662109375,Bull
2023-05-08,303.8179016113281,Bull
2023-05-09,302.1937561035156,Bull
2023-05-10,307.42059326171875,Bull
2023-05-11,305.2550354003906,Bull
2023-05-12,304.1329040527344,Bull
2023-05-15,304.6152038574219,Bull
2023-05-16,306.8595275878906,Bull
2023-05-17,309.7597961425781,Bull
2023-05-18,314.21875,Bull
2023-05-19,314.0411682128906,Bull
2023-05-22,316.8428649902344,Bull
2023-05-23,311.00274658203125,Bull
2023-05-24,309.6118469238281,Bull
2023-05-25,321.5188903808594,Bull
2023-05-26,328.3947448730469,Bull
2023-05-30,326.7373962402344,Bull
2023-05-31,323.95550537109375,Bull
2023-06-01,328.0888977050781,Bull
2023-06-02,330.8708190917969,Bull
2023-06-05,331.403564453125,Bull
2023-06-06,329.174072265625,Bull
2023-06-07,319.01318359375,Bull
2023-06-08,320.8677673339844,Bull
2023-06-09,322.3771057128906,Bull
2023-06-12,327.3688049316406,Bull
2023-06-13,329.77581787109375,Bull
2023-06-14,332.78466796875,Bull
2023-06-15,343.39935302734375,Bull
2023-06-16,337.7072448730469,Bull
2023-06-20,333.4850158691406,Bull
2023-06-21,329.0556640625,Bull
2023-06-22,335.12261962890625,Bull
2023-06-23,330.4959411621094,Bull
2023-06-26,324.1626892089844,Bull
2023-06-27,330.0520324707031,Bull
2023-06-28,331.31475830078125,Bull
2023-06-29,330.5255432128906,Bull
2023-06-30,335.9414367675781,Bull
2023-07-03,333.4258728027344,Bull
2023-07-05,333.58367919921875,Bull
2023-07-06,336.66156005859375,Bull
2023-07-07,332.666259765625,Bull
2023-07-10,327.3489990234375,Bull
2023-07-11,327.98040771484375,Bull
2023-07-12,332.64654541015625,Bull
2023-07-13,338.0327453613281,Bull
2023-07-14,340.57794189453125,Bull
2023-07-17,341.0613708496094,Bull
2023-07-18,354.635498046875,Bull
2023-07-19,350.28509521484375,Bull
2023-07-20,342.1859130859375,Bull
2023-07-21,339.1278076171875,Bull
2023-07-24,340.4496765136719,Bull
2023-07-25,346.2404479980469,Bull
2023-07-26,333.2088317871094,Bull
2023-07-27,326.2539978027344,Bull
2023-07-28,333.80072021484375,Bull
2023-07-31,331.3838195800781,Bull
2023-08-01,331.79815673828125,Bull
2023-08-02,323.0775146484375,Bull
2023-08-03,322.2488708496094,Bull
2023-08-04,323.3537292480469,Bull
2023-08-07,325.6522216796875,Bull
2023-08-08,321.6470642089844,Bull
2023-08-09,317.878662109375,Bull
2023-08-10,318.5691833496094,Bull
2023-08-11,316.6751403808594,Bull
2023-08-14,319.66424560546875,Bull
2023-08-15,317.513671875,Bull
2023-08-16,316.74261474609375,Bull
2023-08-17,313.2627868652344,Bull
2023-08-18,312.8673095703125,Bull
2023-08-21,318.2056884765625,Bull
2023-08-22,318.779052734375,Bull
2023-08-23,323.2672424316406,Bull
2023-08-24,316.3175048828125,Bull
2023-08-25,319.2931823730469,Bull
2023-08-28,320.00494384765625,Bull
2023-08-29,324.6611022949219,Bull
2023-08-30,325.0368347167969,Bull
2023-08-31,324.01861572265625,Bull
2023-09-01,324.9082946777344,Bull
2023-09-05,329.7424621582031,Bull
2023-09-06,329.08013916015625,Bull
2023-09-07,326.14404296875,Bull
2023-09-08,330.4542541503906,Bull
2023-09-11,334.0823669433594,Bull
2023-09-12,327.9827880859375,Bull
2023-09-13,332.22381591796875,Bull
2023-09-14,334.83367919921875,Bull
2023-09-15,326.45050048828125,Bull
2023-09-18,325.3037109375,Bull
2023-09-19,324.8984069824219,Bull
2023-09-20,317.1083679199219,Bull
2023-09-21,315.88250732421875,Bull
2023-09-22,313.39129638671875,Bull
2023-09-25,313.91522216796875,Sideways
2023-09-26,308.5768737792969,Sideways
2023-09-27,309.21942138671875,Sideways
2023-09-28,310.05975341796875,Sideways
2023-09-29,312.1456298828125,Sideways
2023-10-02,318.1266174316406,Sideways
2023-10-03,309.8126220703125,Sideways
2023-10-04,315.31903076171875,Sideways
2023-10-05,315.7144775390625,Sideways
2023-10-06,323.5242919921875,Sideways
2023-10-09,326.0550537109375,Sideways
2023-10-10,324.64141845703125,Sideways
2023-10-11,328.6253662109375,Bull
2023-10-12,327.3797302246094,Bull
2023-10-13,323.9889221191406,Sideways
2023-10-16,328.8428649902344,Sideways
2023-10-17,328.2695007324219,Sideways
2023-10-18,326.34173583984375,Sideways
2023-10-19,327.5379638671875,Sideways
2023-10-20,322.9410400390625,Bull
2023-10-23,325.5607604980469,Sideways
2023-10-24,326.7569580078125,Bull
2023-10-25,336.78125,Bull
2023-10-26,324.1471252441406,Sideways
2023-10-27,326.0451965332031,Sideways
2023-10-30,333.4595642089844,Sideways
2023-10-31,334.25042724609375,Sideways
2023-11-01,342.11956787109375,Sideways
2023-11-02,344.3439025878906,Sideways
2023-11-03,348.772705078125,Sideways
2023-11-06,352.460205078125,Sideways
2023-11-07,356.4145202636719,Sideways
2023-11-08,359.0540466308594,Bull
2023-11-09,356.5726623535156,Bull
2023-11-10,365.4501953125,Bull
2023-11-13,362.4942932128906,Bull
2023-11-14,366.0433044433594,Bull
2023-11-15,366.1919250488281,Bull
2023-11-16,372.63079833984375,Bull
2023-11-17,366.3702392578125,Bull
2023-11-20,373.8888244628906,Bull
2023-11-21,369.5599365234375,Bull
2023-11-22,374.2949523925781,Bull
2023-11-24,373.8788757324219,Bull
2023-11-27,375.04779052734375,Bull
2023-11-28,379.099365234375,Sideways
2023-11-29,375.2855224609375,Sideways
2023-11-30,375.344970703125,Sideways
2023-12-01,370.9863586425781,Sideways
2023-12-04,365.6669006347656,Sideways
2023-12-05,369.01507568359375,Sideways
2023-12-06,365.330078125,Sideways
2023-12-07,367.4598388671875,Sideways
2023-12-08,370.7090148925781,Sideways
2023-12-11,367.8065490722656,Sideways
2023-12-12,370.8575744628906,Sideways
2023-12-13,370.84765625,Sideways
2023-12-14,362.487060546875,Sideways
2023-12-15,367.2419738769531,Bear
2023-12-18,369.1438293457031,Sideways
2023-12-19,369.7481689453125,Sideways
2023-12-20,367.1329650878906,Sideways
2023-12-21,370.0255126953125,Sideways
2023-12-22,371.0556640625,Sideways
2023-12-26,371.13494873046875,Sideways
2023-12-27,370.550537109375,Sideways
2023-12-28,371.7491149902344,Sideways
2023-12-29,372.501953125,Sideways
2024-01-02,367.380615234375,Sideways
2024-01-03,367.1131591796875,Sideways
2024-01-04,364.4781494140625,Sideways
2024-01-05,364.2899475097656,Sideways
2024-01-08,371.1646728515625,Sideways
2024-01-09,372.2543640136719,Sideways
2024-01-10,379.1686096191406,Sideways
2024-01-11,381.0111389160156,Sideways
2024-01-12,384.8150329589844,Sideways
2024-01-16,386.59808349609375,Sideways
2024-01-17,385.80560302734375,Sideways
2024-01-18,390.1641845703125,Sideways
2024-01-19,394.9190673828125,Sideways
2024-01-22,392.7793884277344,Sideways
2024-01-23,395.1468505859375,Sideways
2024-01-24,398.7724609375,Sideways
2024-01-25,401.0606994628906,Sideways
2024-01-26,400.1295471191406,Bull
2024-01-29,405.8650817871094,Bull
2024-01-30,404.7457275390625,Bull
2024-01-31,393.83929443359375,Bull
2024-02-01,399.9809875488281,Bull
2024-02-02,407.3509826660156,Bull
2024-02-05,401.8334045410156,Bull
2024-02-06,401.67486572265625,Bull
2024-02-07,410.1543273925781,Bull
2024-02-08,410.2137451171875,Bull
2024-02-09,416.5931701660156,Bull
2024-02-12,411.35296630859375,Bull
2024-02-13,402.4970703125,Bull
2024-02-14,406.3873291015625,Bull
2024-02-15,403.4795837402344,Bull
2024-02-16,400.99853515625,Bull
2024-02-20,399.7381286621094,Bull
2024-02-21,399.13275146484375,Bull
2024-02-22,408.5309753417969,Bull
2024-02-23,407.2309265136719,Bull
2024-02-26,404.4521484375,Bull
2024-02-27,404.39263916015625,Bull
2024-02-28,404.63079833984375,Bull
2024-02-29,410.5059509277344,Bull
2024-03-01,412.3518371582031,Bull
2024-03-04,411.7762756347656,Bull
2024-03-05,399.59918212890625,Bull
2024-03-06,399.04345703125,Bull
2024-03-07,406.0400390625,Bull
2024-03-08,403.14215087890625,Bull
2024-03-11,401.45501708984375,Bull
2024-03-12,412.13348388671875,Bull
2024-03-13,411.95489501953125,Bull
2024-03-14,421.9981994628906,Bull
2024-03-15,413.264892578125,Bull
2024-03-18,414.1580505371094,Bull
2024-03-19,418.2170715332031,Bull
2024-03-20,422.00811767578125,Bull
2024-03-21,426.1167297363281,Bull
2024-03-22,425.4915466308594,Bull
2024-03-25,419.65606689453125,Bull
2024-03-26,418.45526123046875,Bull
2024-03-27,418.2369079589844,Bull
2024-03-28,417.53228759765625,Bull
2024-04-01,421.35308837890625,Bull
2024-04-02,418.2468566894531,Bull
2024-04-03,417.26434326171875,Bull
2024-04-04,414.71380615234375,Bull
2024-04-05,422.2958984375,Bull
2024-04-08,421.3729553222656,Bull
2024-04-09,423.0501708984375,Bull
2024-04-10,420.0530700683594,Bull
2024-04-11,424.6876525878906,Bull
2024-04-12,418.703369140625,Bull
2024-04-15,410.5059509277344,Bull
2024-04-16,411.4388122558594,Bull
2024-04-17,408.7195739746094,Bull
2024-04-18,401.2069091796875,Bull
2024-04-19,396.095947265625,Bull
2024-04-22,397.9219970703125,Bull
2024-04-23,404.48193359375,Bull
2024-04-24,405.96063232421875,Bull
2024-04-25,396.0165710449219,Bull
2024-04-26,403.2413635253906,Bull
2024-04-29,399.20220947265625,Bull
2024-04-30,386.380126953125,Bull
2024-05-01,391.9476013183594,Bull
2024-05-02,394.82562255859375,Bull
2024-05-03,403.57879638671875,Bull
2024-05-06,410.4067077636719,Bull
2024-05-07,406.2384948730469,Bull
2024-05-08,407.4294738769531,Bull
2024-05-09,409.1959533691406,Sideways
2024-05-10,411.5975646972656,Sideways
2024-05-13,410.5853271484375,Sideways
2024-05-14,413.40380859375,Sideways
2024-05-15,420.6317443847656,Sideways
2024-05-16,418.5538330078125,Sideways
2024-05-17,417.7783203125,Sideways
2024-05-20,422.878662109375,Sideways
2024-05-21,426.5572509765625,Sideways
2024-05-22,428.0287170410156,Bull
2024-05-23,424.529052734375,Sideways
2024-05-24,427.6707763671875,Sideways
2024-05-28,427.8298645019531,Sideways
2024-05-29,426.6865234375,Sideways
2024-05-30,412.2704162597656,Sideways
2024-05-31,412.7277526855469,Sideways
2024-06-03,411.1270446777344,Sideways
2024-06-04,413.6623229980469,Sideways
2024-06-05,421.5563659667969,Sideways
2024-06-06,422.0633850097656,Sideways
2024-06-07,421.3973083496094,Sideways
2024-06-10,425.3940124511719,Sideways
2024-06-11,430.1761779785156,Sideways
2024-06-12,438.5076904296875,Sideways
2024-06-13,439.0246887207031,Bull
2024-06-14,440.00897216796875,Bull
2024-06-17,445.775390625,Bull
2024-06-18,443.75714111328125,Bull
2024-06-20,443.1208801269531,Bull
2024-06-21,447.17724609375,Bull
2024-06-24,445.0794677734375,Bull
2024-06-25,448.3404541015625,Bull
2024-06-26,449.54345703125,Bull
2024-06-27,450.2294616699219,Bull
2024-06-28,444.3636169433594,Bull
2024-07-01,454.0870056152344,Bull
2024-07-02,456.62225341796875,Bull
2024-07-03,458.1036376953125,Bull
2024-07-05,464.8543395996094,Bull
2024-07-08,463.5419921875,Bull
2024-07-09,456.8807678222656,Bull
2024-07-10,463.55194091796875,Bull
2024-07-11,452.06878662109375,Bull
2024-07-12,450.9254150390625,Bull
2024-07-15,451.3330383300781,Bull
2024-07-16,446.91876220703125,Bull
2024-07-17,440.9534606933594,Sideways
2024-07-18,437.8216857910156,Sideways
2024-07-19,434.5805358886719,Sideways
2024-07-22,440.3768310546875,Sideways
2024-07-23,442.2757873535156,Sideways
2024-07-24,426.4180603027344,Sideways
2024-07-25,415.97882080078125,Sideways
2024-07-26,422.8090515136719,Sideways
2024-07-29,424.2606506347656,Bear
2024-07-30,420.4726867675781,Sideways
2024-07-31,415.9291076660156,Sideways
2024-08-01,414.6962585449219,Sideways
2024-08-02,406.12615966796875,Bear
2024-08-05,392.8633728027344,Sideways
2024-08-06,397.29754638671875,Sideways
2024-08-07,396.1243896484375,Sideways
2024-08-08,400.3597106933594,Sideways
2024-08-09,403.6704406738281,Sideways
2024-08-12,404.4559020996094,Sideways
2024-08-13,411.6142272949219,Sideways
2024-08-14,414.4477233886719,Sideways
2024-08-15,419.34808349609375,Sideways
2024-08-16,416.7983093261719,Sideways
2024-08-19,419.8460693359375,Sideways
2024-08-20,423.10302734375,Sideways
2024-08-21,422.4456787109375,Bear
2024-08-22,413.88995361328125,Bear
2024-08-23,415.1250305175781,Sideways
2024-08-26,411.8382263183594,Sideways
2024-08-27,412.18682861328125,Sideways
2024-08-28,408.9597473144531,Sideways
2024-08-29,411.4696960449219,Sideways
2024-08-30,415.4736328125,Sideways
2024-09-03,407.80438232421875,Sideways
2024-09-04,407.26654052734375,Sideways
2024-09-05,406.75860595703125,Sideways
2024-09-06,400.0953369140625,Sideways
2024-09-09,404.0992431640625,Sideways
2024-09-10,412.5453796386719,Sideways
2024-09-11,421.3500671386719,Sideways
2024-09-12,425.29425048828125,Sideways
2024-09-13,428.869873046875,Sideways
2024-09-16,429.61688232421875,Sideways
2024-09-17,433.41168212890625,Sideways
2024-09-18,429.0890197753906,Sideways
2024-09-19,436.9375305175781,Sideways
2024-09-20,433.53118896484375,Sideways
2024-09-23,431.77825927734375,Sideways
2024-09-24,427.45556640625,Sideways
2024-09-25,430.3838195800781,Sideways
2024-09-26,429.5870056152344,Sideways
2024-09-27,426.3101501464844,Sideways
2024-09-30,428.5810241699219,Sideways
2024-10-01,419.0094299316406,Sideways
2024-10-02,415.46368408203125,Sideways
2024-10-03,414.87603759765625,Sideways
2024-10-04,414.39794921875,Sideways
2024-10-07,407.9040222167969,Sideways
2024-10-08,413.0533447265625,Sideways
2024-10-09,415.7923278808594,Sideways
2024-10-10,414.1788024902344,Sideways
2024-10-11,414.65692138671875,Sideways
2024-10-14,417.46563720703125,Sideways
2024-10-15,417.0672302246094,Sideways
2024-10-16,414.45770263671875,Sideways
2024-10-17,415.0553283691406,Sideways
2024-10-18,416.4895324707031,Sideways
2024-10-21,417.1070861816406,Bear
2024-10-22,425.8022155761719,Sideways
2024-10-23,422.9038391113281,Bear
2024-10-24,423.0332946777344,Sideways
2024-10-25,426.43963623046875,Sideways
2024-10-28,424.8858947753906,Bear
2024-10-29,430.2244873046875,Sideways
2024-10-30,430.8021545410156,Sideways
2024-10-31,404.72674560546875,Sideways
2024-11-01,408.73065185546875,Sideways
2024-11-04,406.8282775878906,Sideways
2024-11-05,409.8163146972656,Sideways
2024-11-06,418.50146484375,Sideways
2024-11-07,423.73052978515625,Sideways
2024-11-08,420.85205078125,Sideways
2024-11-11,416.34014892578125,Sideways
2024-11-12,421.340087890625,Sideways
2024-11-13,423.50146484375,Sideways
2024-11-14,425.1846923828125,Sideways
2024-11-15,413.3421936035156,Sideways
2024-11-18,414.0991516113281,Sideways
2024-11-19,416.1210632324219,Sideways
2024-11-20,413.8302001953125,Sideways
2024-11-21,412.0437927246094,Sideways
2024-11-22,416.16552734375,Sideways
2024-11-25,417.95196533203125,Sideways
2024-11-26,427.133544921875,Sideways
2024-11-27,422.1435546875,Sideways
2024-11-29,422.61260986328125,Sideways
2024-12-02,430.1175842285156,Sideways
2024-12-03,430.3371276855469,Sideways
2024-12-04,436.544677734375,Sideways
2024-12-05,441.7342529296875,Sideways
2024-12-06,442.682373046875,Sideways
2024-12-09,445.12744140625,Sideways
2024-12-10,442.4428405761719,Sideways
2024-12-11,448.0915222167969,Sideways
2024-12-12,448.6603698730469,Sideways
2024-12-13,446.37493896484375,Sideways
2024-12-16,450.6863098144531,Sideways
2024-12-17,453.5505676269531,Sideways
2024-12-18,436.5147399902344,Sideways
2024-12-19,436.15545654296875,Sideways
2024-12-20,435.726318359375,Sideways
2024-12-23,434.3790283203125,Sideways
2024-12-24,438.4508361816406,Sideways
2024-12-26,437.2332763671875,Sideways
2024-12-27,429.66845703125,Sideways
2024-12-30,423.9798583984375,Sideways
2024-12-31,420.6565246582031,Bear
2025-01-02,417.74237060546875,Bear
2025-01-03,422.5028381347656,Bear
2025-01-06,426.99383544921875,Bear
2025-01-07,421.5247802734375,Bear
2025-01-08,423.7104187011719,Bear
2025-01-10,418.11163330078125,Bear
2025-01-13,416.35516357421875,Bear
2025-01-14,414.8382263183594,Bear
2025-01-15,425.4569091796875,Bear
2025-01-16,423.7303466796875,Sideways
2025-01-17,428.1714782714844,Sideways
2025-01-21,427.64251708984375,Sideways
2025-01-22,445.30712890625,Sideways
2025-01-23,445.8160705566406,Sideways
2025-01-24,443.17138671875,Sideways
2025-01-27,433.6903991699219,Sideways
2025-01-28,446.30511474609375,Sideways
2025-01-29,441.44482421875,Bear
2025-01-30,414.1595458984375,Sideways
2025-01-31,414.22943115234375,Sideways
2025-02-03,410.09771728515625,Sideways
2025-02-04,411.5447998046875,Sideways
2025-02-05,412.4629821777344,Sideways
2025-02-06,414.9879150390625,Sideways
2025-02-07,408.9300537109375,Sideways
2025-02-10,411.3951110839844,Sideways
2025-02-11,410.6166687011719,Sideways
2025-02-12,408.2214660644531,Sideways
2025-02-13,409.7184753417969,Sideways
2025-02-14,407.6126708984375,Sideways
2025-02-18,408.8202819824219,Sideways
2025-02-19,413.94000244140625,Sideways
2025-02-20,416.1300048828125,Sideways
2025-02-21,408.2099914550781,Sideways
2025-02-24,404.0,Sideways
2025-02-25,397.8999938964844,Sideways
2025-02-26,399.7300109863281,Sideways
2025-02-27,392.5299987792969,Sideways
2025-02-28,396.989990234375,Sideways
2025-03-03,388.489990234375,Sideways
2025-03-04,388.6099853515625,Bear
2025-03-05,401.0199890136719,Bear
2025-03-06,396.8900146484375,Sideways
2025-03-07,393.30999755859375,Sideways
2025-03-10,380.1600036621094,Sideways
2025-03-11,380.45001220703125,Bear
2025-03-12,383.2699890136719,Bear
2025-03-13,378.7699890136719,Bear
2025-03-14,388.55999755859375,Bear
2025-03-17,388.70001220703125,Bear
2025-03-18,383.5199890136719,Bear
2025-03-19,387.82000732421875,Bear
2025-03-20,386.8399963378906,Bear
2025-03-21,391.260009765625,Bear
2025-03-24,393.0799865722656,Bear
2025-03-25,395.1600036621094,Bear
2025-03-26,389.9700012207031,Bear
2025-03-27,390.5799865722656,Bear
2025-03-28,378.79998779296875,Bear
2025-03-31,375.3900146484375,Bear
2025-04-01,382.19000244140625,Bear
2025-04-02,382.1400146484375,Bear
2025-04-03,373.1099853515625,Bear
2025-04-04,359.8399963378906,Bear
