Date,Predicted,RegimeCode,Actual_Price
2016-06-06,22.788239,0,22.571720123291016
2016-06-07,22.855927,0,22.663265228271484
2016-06-08,22.9457,0,22.64266967773437
2016-06-09,22.977365,0,22.805152893066406
2016-06-10,23.076778,0,22.61748504638672
2016-06-13,23.024837,0,22.276500701904297
2016-06-14,22.80506,0,22.30396270751953
2016-06-15,22.70748,0,22.23072624206543
2016-06-16,22.630375,0,22.324560165405277
2016-06-17,22.647144,0,21.816505432128903
2016-06-20,22.383877,0,21.76387405395508
2016-06-21,22.215021,0,21.94924545288086
2016-06-22,22.24396,0,21.866853713989254
2016-06-23,22.225119,0,21.992721557617188
2016-06-24,22.281715,0,21.37482452392578
2016-06-27,21.975712,0,21.06358337402344
2016-06-28,21.640688,0,21.418302536010746
2016-06-29,21.677046,0,21.603673934936523
2016-06-30,21.818953,0,21.878292083740234
2016-07-01,22.040981,0,21.94466781616211
2016-07-05,22.184902,0,21.73869514465332
2016-07-06,22.133984,0,21.862276077270508
2016-07-07,22.165142,0,21.95610618591309
2016-07-08,22.23616,0,22.125459671020508
2016-07-11,22.364069,0,22.194116592407227
2016-07-12,22.464489,0,22.29481506347656
2016-07-13,22.564177,0,22.16894149780273
2016-07-14,22.54174,0,22.60833740234375
2016-07-15,22.763159,0,22.60605239868164
2016-07-18,22.880371,0,22.846343994140625
2016-07-19,23.059004,0,22.85549545288086
2016-07-20,23.150806,0,22.876096725463867
2016-07-21,23.199068,0,22.754806518554688
2016-07-22,23.152657,0,22.578584671020508
2016-07-25,23.029163,0,22.276500701904297
2016-07-26,22.802488,0,22.123167037963867
2016-07-27,22.60741,0,23.560365676879883
2016-07-28,23.3029,0,23.87846565246582
2016-07-29,23.85599,0,23.84871864318848
2016-08-01,24.086294,0,24.269811630249023
2016-08-02,24.401571,0,23.91050910949707
2016-08-03,24.35735,0,24.21030616760254
2016-08-04,24.477491,0,24.359861373901367
2016-08-05,24.62581,0,24.730314254760746
2016-08-08,24.898703,0,24.935096740722656
2016-08-09,25.145052,0,25.036333084106445
2016-08-10,25.31281,0,24.849964141845703
2016-08-11,25.284004,0,24.83385467529297
2016-08-12,25.249493,0,24.89137840270996
2016-08-15,25.26488,0,25.19050407409668
2016-08-16,25.438644,0,25.1674861907959
2016-08-17,25.516941,0,25.130674362182617
2016-08-18,25.527023,0,25.098464965820312
2016-08-19,25.509819,0,25.16288375854492
2016-08-22,25.535368,0,24.967309951782227
2016-08-23,25.44343,0,25.0455379486084
2016-08-24,25.436024,0,24.85686683654785
2016-08-25,25.335257,0,24.751022338867188
2016-08-26,25.224874,0,24.60606575012207
2016-08-29,25.094122,0,24.578453063964844
2016-08-30,25.0172,0,24.3897762298584
2016-08-31,24.882122,0,24.412792205810547
2016-09-01,24.82827,0,24.557741165161133
2016-09-02,24.88751,0,24.78783798217773
2016-09-06,25.047573,0,24.78093147277832
2016-09-07,25.124235,0,24.93279457092285
2016-09-08,25.236994,0,24.27933692932129
2016-09-09,24.935135,0,23.72941780090332
2016-09-12,24.468754,0,24.26092529296875
2016-09-13,24.532217,0,24.838457107543945
2016-09-14,24.910908,0,25.717405319213867
2016-09-15,25.585722,0,26.591760635375977
2016-09-16,26.39374,0,26.442201614379883
2016-09-19,26.694532,0,26.13387107849121
2016-09-20,26.632868,0,26.131576538085938
2016-09-21,26.58018,0,26.12697410583496
2016-09-22,26.554598,0,26.37317276000977
2016-09-23,26.679388,0,25.933692932128903
2016-09-26,26.5076,0,25.972810745239254
2016-09-27,26.430494,0,26.02113151550293
2016-09-28,26.427502,0,26.219009399414062
2016-09-29,26.53892,0,25.81174659729004
2016-09-30,26.375774,0,26.011926651000977
2016-10-03,26.391642,0,25.889970779418945
2016-10-04,26.344076,0,26.00042724609375
2016-10-05,26.378164,0,26.011926651000977
2016-10-06,26.405458,0,26.2052059173584
2016-10-07,26.523,0,26.244319915771484
2016-10-10,26.604523,0,26.702205657958984
2016-10-11,26.889599,0,26.759727478027344
2016-10-12,27.066067,0,26.999021530151367
2016-10-13,27.27124,0,26.91619300842285
2016-10-14,27.322994,0,27.065752029418945
2016-10-17,27.418797,0,27.04734230041504
2016-10-18,27.4562,0,27.028932571411133
2016-10-19,27.45995,0,26.94840431213379
2016-10-20,27.41582,0,26.934595108032227
2016-10-21,27.384968,0,26.828754425048828
2016-10-24,27.31398,0,27.07035446166992
2016-10-25,27.410393,0,27.20841407775879
2016-10-26,27.54116,0,26.596363067626957
2016-10-27,27.27007,0,26.340959548950195
2016-10-28,26.979355,0,26.166088104248047
2016-10-31,26.748293,0,26.12467384338379
2016-11-01,26.622675,0,25.652976989746094
2016-11-02,26.314018,0,25.67599296569824
2016-11-03,26.171665,0,25.400781631469727
2016-11-04,25.966228,0,25.17181396484375
2016-11-07,25.7419,0,25.534914016723636
2016-11-08,25.834553,0,25.68523979187012
2016-11-09,25.979605,0,25.643613815307617
2016-11-10,26.027052,0,24.92898178100586
2016-11-11,25.65268,0,25.076993942260746
2016-11-14,25.532715,0,24.447925567626957
2016-11-15,25.150625,0,24.771709442138672
2016-11-16,25.133295,0,25.437780380249023
2016-11-17,25.511988,0,25.42852783203125
2016-11-18,25.707546,0,25.45397186279297
2016-11-21,25.799725,0,25.8402042388916
2016-11-22,26.046177,0,25.856388092041016
2016-11-23,26.179083,0,25.72456359863281
2016-11-25,26.161446,0,25.854066848754883
2016-11-28,26.21437,0,25.803186416625977
2016-11-29,26.215927,0,25.777751922607425
2016-11-30,26.199665,0,25.56035614013672
2016-12-01,26.0726,0,25.322145462036133
2016-12-02,25.876844,1,25.416963577270508
2016-12-05,25.83362,0,25.23426055908203
2016-12-06,25.723885,0,25.42852783203125
2016-12-07,25.77466,-1,25.67830467224121
2016-12-08,25.944649,-1,25.930395126342773
2016-12-09,26.168352,-1,26.35362434387207
2016-12-12,26.50602,0,26.203298568725582
2016-12-13,26.587608,1,26.64040184020996
2016-12-14,26.847223,1,26.64040184020996
2016-12-15,26.979084,1,26.78611183166504
2016-12-16,27.11154,1,26.8207950592041
2016-12-19,27.192068,1,26.97575187683105
2016-12-20,27.31078,1,27.04744529724121
2016-12-21,27.407562,1,27.072885513305664
2016-12-22,27.46505,1,26.89480400085449
2016-12-23,27.39221,1,26.94799423217773
2016-12-27,27.379303,1,27.119144439697266
2016-12-28,27.47075,1,27.003507614135746
2016-12-29,27.456867,1,26.996566772460938
2016-12-30,27.439905,1,26.78611183166504
2017-01-03,27.31714,1,26.862424850463867
2017-01-04,27.295174,1,26.832355499267575
2017-01-05,27.275177,1,26.968812942504883
2017-01-06,27.340452,1,27.269466400146484
2017-01-09,27.540085,1,27.519243240356445
2017-01-10,27.7773,1,27.5469970703125
2017-01-11,27.904564,1,27.69501304626465
2017-01-12,28.037079,1,27.579376220703125
2017-01-13,28.035805,1,27.530805587768555
2017-01-17,28.000275,1,27.75282859802246
2017-01-18,28.102938,1,27.75050926208496
2017-01-19,28.15831,1,27.701950073242188
2017-01-20,28.154501,1,27.75282859802246
2017-01-23,28.17677,1,27.77132797241211
2017-01-24,28.198957,1,27.74589157104492
2017-01-25,28.195427,1,28.18762588500977
2017-01-26,28.433113,1,28.20149803161621
2017-01-27,28.566288,1,28.20380973815918
2017-01-30,28.622412,1,28.12980461120605
2017-01-31,28.603113,1,28.06504821777344
2017-02-01,28.554146,1,29.77647399902344
2017-02-02,29.463167,1,29.72559356689453
2017-02-03,29.917953,1,29.852798461914062
2017-02-06,30.168287,1,30.13263511657715
2017-02-07,30.42375,1,30.419414520263672
2017-02-08,30.699165,1,30.537357330322266
2017-02-09,30.892729,1,30.758031845092773
2017-02-10,31.097885,1,30.68833541870117
2017-02-13,31.156025,1,30.960094451904297
2017-02-14,31.322136,1,31.361949920654297
2017-02-15,31.625568,1,31.47575187683105
2017-02-16,31.837185,1,31.438610076904297
2017-02-17,31.909151,1,31.524532318115234
2017-02-21,31.98061,1,31.752168655395508
2017-02-22,32.13815,1,31.84740257263184
2017-02-23,32.268833,1,31.71267509460449
2017-02-24,32.254295,1,31.74287223815918
2017-02-27,32.25492,1,31.80558586120605
2017-02-28,32.29064,1,31.81952476501465
2017-03-01,32.31723,1,32.46989822387695
2017-03-02,32.68381,1,32.277122497558594
2017-03-03,32.770187,1,32.46757888793945
2017-03-06,32.895973,1,32.36537170410156
2017-03-07,32.901085,1,32.40718460083008
2017-03-08,32.918682,1,32.28640365600586
2017-03-09,32.86198,1,32.21207046508789
2017-03-10,32.79062,1,32.31891250610352
2017-03-13,32.81511,1,32.332855224609375
2017-03-14,32.840313,1,32.284080505371094
2017-03-15,32.82542,1,32.62553024291992
2017-03-16,33.00219,1,32.678958892822266
2017-03-17,33.125435,1,32.516357421875
2017-03-20,33.09025,1,32.8577995300293
2017-03-21,33.250042,1,32.48151016235352
2017-03-22,33.13137,1,32.848514556884766
2017-03-23,33.258812,1,32.73237228393555
2017-03-24,33.27039,1,32.66734313964844
2017-03-27,33.232872,1,32.72308349609375
2017-03-28,33.242836,1,33.40132522583008
2017-03-29,33.620525,1,33.47565078735352
2017-03-30,33.85946,1,33.431522369384766
2017-03-31,33.936867,1,33.36881637573242
2017-04-03,33.928146,1,33.37809753417969
2017-04-04,33.92387,1,33.62663269042969
2017-04-05,34.05801,1,33.45243453979492
2017-04-06,34.034153,1,33.36881637573242
2017-04-07,33.967457,1,33.29448318481445
2017-04-10,33.89347,1,33.2549934387207
2017-04-11,33.83737,1,32.89729690551758
2017-04-12,33.61755,1,32.936767578125
2017-04-13,33.5269,1,32.76256561279297
2017-04-17,33.39829,1,32.943748474121094
2017-04-18,33.435093,1,32.79740905761719
2017-04-19,33.38281,1,32.6766357421875
2017-04-20,33.286823,1,33.08543014526367
2017-04-21,33.462456,1,33.04594421386719
2017-04-24,33.53953,1,33.36415481567383
2017-04-25,33.74223,1,33.570884704589844
2017-04-26,33.95674,1,33.37345123291016
2017-04-27,33.94899,1,33.39900588989258
2017-04-28,33.945095,1,33.366493225097656
2017-05-01,33.92601,1,34.04705810546876
2017-05-02,34.287617,1,34.263065338134766
2017-05-03,34.597305,1,34.15855026245117
2017-05-04,34.68015,1,34.03544616699219
2017-05-05,34.63681,1,34.599876403808594
2017-05-08,34.916794,1,35.540584564208984
2017-05-09,35.580494,1,35.76823043823242
2017-05-10,36.036366,1,35.59865951538086
2017-05-11,36.14134,1,35.906532287597656
2017-05-12,36.33557,1,36.40799331665039
2017-05-15,36.705204,1,36.31468963623047
2017-05-16,36.836994,1,36.26105499267578
2017-05-17,36.85379,1,35.04356002807617
2017-05-18,36.19057,1,35.57767105102539
2017-05-19,36.13207,1,35.69895935058594
2017-05-22,36.210598,1,35.91586685180664
2017-05-23,36.374084,1,35.87155532836914
2017-05-24,36.430805,1,35.76425552368164
2017-05-25,36.39146,1,35.88786697387695
2017-05-26,36.43447,1,35.82723617553711
2017-05-30,36.426613,1,35.84121322631836
2017-05-31,36.427353,1,35.62897491455078
2017-06-01,36.312515,1,35.72694396972656
2017-06-02,36.30547,1,36.25638198852539
2017-06-05,36.59798,1,35.901859283447266
2017-06-06,36.559055,1,36.02314758300781
2017-06-07,36.5858,1,36.23772811889648
2017-06-08,36.719498,1,36.14908981323242
2017-06-09,36.739906,1,34.74736022949219
2017-06-12,35.97752,1,33.91703796386719
2017-06-13,35.121964,1,34.18991470336914
2017-06-14,34.86953,1,33.85639953613281
2017-06-15,34.60973,1,33.653472900390625
2017-06-16,34.37795,1,33.18234634399414
2017-06-19,34.014984,1,34.13161087036133
2017-06-20,34.355835,1,33.821414947509766
2017-06-21,34.389023,1,34.021995544433594
2017-06-22,34.49329,1,33.96602249145508
2017-06-23,34.515152,1,34.117618560791016
2017-06-26,34.602436,1,34.010337829589844
2017-06-27,34.588417,1,33.52286911010742
2017-06-28,34.309513,1,34.012672424316406
2017-06-29,34.430725,1,33.51120376586914
2017-06-30,34.239117,1,33.59051132202148
2017-07-03,34.17357,1,33.46922302246094
2017-07-05,34.085213,1,33.60683059692383
2017-07-06,34.117874,1,33.28963851928711
2017-07-07,33.967648,1,33.627838134765625
2017-07-10,34.070747,1,33.83306121826172
2017-07-11,34.24659,1,33.942684173583984
2017-07-12,34.39223,1,33.991676330566406
2017-07-13,34.48423,1,34.46514129638672
2017-07-14,34.78156,1,34.76134490966797
2017-07-17,35.093895,1,34.88263320922852
2017-07-18,35.305504,1,35.00392150878906
2017-07-19,35.46317,1,35.22315979003906
2017-07-20,35.65246,1,35.064544677734375
2017-07-21,35.655823,1,35.0482292175293
2017-07-24,35.636852,1,35.472713470458984
2017-07-25,35.858555,1,35.62432098388672
2017-07-26,36.059525,1,35.7922477722168
2017-07-27,36.242855,1,35.1158561706543
2017-07-28,35.957676,1,34.86864471435547
2017-07-31,35.66108,1,34.689056396484375
2017-08-01,35.425613,1,34.996917724609375
2017-08-02,35.48882,1,36.65055465698242
2017-08-03,36.43925,1,36.28437423706055
2017-08-04,36.73574,1,36.475624084472656
2017-08-07,36.934643,1,37.0400505065918
2017-08-08,37.32829,1,37.33626937866211
2017-08-09,37.68471,1,37.5648307800293
2017-08-10,37.97211,1,36.36832809448242
2017-08-11,37.448307,1,36.87408828735352
2017-08-14,37.430473,1,37.42903518676758
2017-08-15,37.75816,1,37.83878707885742
2017-08-16,38.155632,1,37.68659591674805
2017-08-17,38.26083,1,36.96307373046875
2017-08-18,37.89607,1,36.8787727355957
2017-08-21,37.65156,1,36.81087112426758
2017-08-22,37.509636,1,37.412628173828125
2017-08-23,37.779068,1,37.4594612121582
2017-08-24,37.95557,1,37.2932243347168
2017-08-25,37.940273,1,37.43136978149414
2017-08-28,37.99612,1,37.80835723876953
2017-08-29,38.232185,1,38.1455307006836
2017-08-30,38.536846,1,38.2485466003418
2017-08-31,38.738277,1,38.400760650634766
2017-09-01,38.90785,1,38.41246795654297
2017-09-05,38.99076,1,37.95117950439453
2017-09-06,38.772182,1,37.911376953125
2017-09-07,38.630417,1,37.75918197631836
2017-09-08,38.48718,1,37.14336395263671
2017-09-11,38.08519,1,37.81537628173828
2017-09-12,38.24938,0,37.665523529052734
2017-09-13,38.27991,1,37.3821907043457
2017-09-14,38.130608,1,37.06140899658203
2017-09-15,37.87487,0,37.43605422973633
2017-09-18,37.954094,0,37.15273284912109
2017-09-19,37.857628,0,37.166778564453125
2017-09-20,37.8092,0,36.5439338684082
2017-09-21,37.45003,0,35.916412353515625
2017-09-22,36.921635,-1,35.565181732177734
2017-09-25,36.474884,-1,35.251426696777344
2017-09-26,36.10237,-1,35.857872009277344
2017-09-27,36.265423,-1,36.11309814453125
2017-09-28,36.513992,-1,35.89065170288086
2017-09-29,36.51239,-1,36.08733367919922
2017-10-02,36.6023,-1,36.01475524902344
2017-10-03,36.609913,-1,36.17163848876953
2017-10-04,36.6936,-1,35.9374885559082
2017-10-05,36.609447,-1,36.38471984863281
2017-10-06,36.80371,-1,36.36363983154297
2017-10-09,36.899994,-1,36.49008560180664
2017-10-10,37.007164,-1,36.50413513183594
2017-10-11,37.065117,-1,36.65632629394531
2017-10-12,37.171856,-1,36.52754974365234
2017-10-13,37.154213,-1,36.75936126708984
2017-10-16,37.264637,-1,37.43605422973633
2017-10-17,37.693184,-1,37.57419967651367
2017-10-18,37.987156,0,37.407962799072266
2017-10-19,38.023724,0,36.52285385131836
2017-10-20,37.541473,0,36.586082458496094
2017-10-23,37.32009,-1,36.56734848022461
2017-10-24,37.224762,-1,36.78511428833008
2017-10-25,37.30774,-1,36.6235466003418
2017-10-26,37.269356,-1,36.857704162597656
2017-10-27,37.37133,-1,38.178314208984375
2017-10-30,38.14769,-1,39.03764343261719
2017-10-31,39.018456,-1,39.58087158203125
2017-11-01,39.72301,-1,39.07744598388672
2017-11-02,39.763332,0,39.36312103271485
2017-11-03,39.895615,0,40.39104461669922
2017-11-06,40.524242,0,40.80079650878906
2017-11-07,41.070873,0,40.93192672729492
2017-11-08,41.39022,0,41.26675796508789
2017-11-09,41.706394,0,41.18246841430664
2017-11-10,41.80699,0,41.046165466308594
2017-11-13,41.76601,0,40.88166809082031
2017-11-14,41.649002,0,40.263648986816406
2017-11-15,41.253605,0,39.73257064819336
2017-11-16,40.763863,0,40.20724487304688
2017-11-17,40.790783,-1,39.98400115966797
2017-11-20,40.714718,-1,39.94405746459961
2017-11-21,40.650894,-1,40.686622619628906
2017-11-22,41.026924,-1,41.11431121826172
2017-11-24,41.461906,-1,41.11666870117188
2017-11-27,41.66761,0,40.90987396240234
2017-11-28,41.634987,0,40.6701774597168
2017-11-29,41.474033,0,39.8265495300293
2017-11-30,40.931625,0,40.383487701416016
2017-12-01,40.96066,-1,40.195499420166016
2017-12-04,40.90849,-1,39.90175628662109
2017-12-05,40.718826,-1,39.8641471862793
2017-12-06,40.601677,-1,39.71611404418945
2017-12-07,40.471302,-1,39.78896331787109
2017-12-08,40.449768,-1,39.80071640014648
2017-12-11,40.453022,-1,40.576171875
2017-12-12,40.878864,0,40.348236083984375
2017-12-13,40.978203,1,40.4821891784668
2017-12-14,41.075966,1,40.47043228149414
2017-12-15,41.114643,1,40.88166809082031
2017-12-18,41.353172,1,41.4574089050293
2017-12-19,41.790417,1,41.015621185302734
2017-12-20,41.76431,1,40.970977783203125
2017-12-21,41.69829,1,41.126068115234375
2017-12-22,41.75019,1,41.126068115234375
2017-12-26,41.782074,1,40.082706451416016
2017-12-27,41.22664,1,40.089752197265625
2017-12-28,40.93635,1,40.202545166015625
2017-12-29,40.88102,1,39.76781463623047
2018-01-02,40.633358,1,40.4798469543457
2018-01-03,40.894703,1,40.47278594970703
2018-01-04,41.044,1,40.66078567504883
2018-01-05,41.207928,1,41.123722076416016
2018-01-08,41.536884,1,40.970977783203125
2018-01-09,41.61604,1,40.966270446777344
2018-01-10,41.63402,1,40.95687103271485
2018-01-11,41.633476,1,41.18951034545898
2018-01-12,41.75919,1,41.61484909057617
2018-01-16,42.05759,1,41.40336608886719
2018-01-17,42.091297,1,42.08720016479492
2018-01-18,42.46297,1,42.12479782104492
2018-01-19,42.677067,1,41.93679428100586
2018-01-22,42.663456,1,41.59370803833008
2018-01-23,42.455708,1,41.60309600830078
2018-01-24,42.352776,1,40.94042205810547
2018-01-25,41.95086,1,40.209598541259766
2018-01-26,41.34757,1,40.30358505249023
2018-01-29,41.10731,0,39.46937561035156
2018-01-30,40.564552,0,39.23672103881836
2018-01-31,40.1671,0,39.34482192993164
2018-02-01,40.05134,0,39.42706680297852
2018-02-02,40.060246,-1,37.71631622314453
2018-02-05,39.138554,-1,36.77400588989258
2018-02-06,38.13827,-1,38.31085205078125
2018-02-07,38.508907,0,37.4907341003418
2018-02-08,38.32054,0,36.45912170410156
2018-02-09,37.633842,0,36.90505599975586
2018-02-12,37.52693,0,38.39154052734375
2018-02-13,38.325153,0,38.776145935058594
2018-02-14,38.96142,0,39.49108123779297
2018-02-15,39.634216,0,40.81713104248047
2018-02-16,40.670418,0,40.68498229980469
2018-02-20,41.100487,-1,40.54813766479492
2018-02-21,41.18598,-1,40.36409378051758
2018-02-22,41.10383,-1,40.70151519775391
2018-02-23,41.24023,-1,41.40935897827149
2018-02-26,41.70431,-1,42.22811889648438
2018-02-27,42.386936,-1,42.091251373291016
2018-02-28,42.641983,-1,42.02755737304688
2018-03-01,42.697964,-1,41.29138946533203
2018-03-02,42.310112,-1,41.5768928527832
2018-03-05,42.258896,-1,41.7208251953125
2018-03-06,42.336006,-1,41.6854248046875
2018-03-07,42.360855,-1,41.29845428466797
2018-03-08,42.15799,-1,41.74912643432617
2018-03-09,42.29553,-1,42.46641540527343
2018-03-12,42.772213,-1,42.876983642578125
2018-03-13,43.238018,-1,42.46406173706055
2018-03-14,43.22711,0,42.103057861328125
2018-03-15,42.99466,0,42.15260696411133
2018-03-16,42.900505,-1,42.00395584106445
2018-03-19,42.78523,-1,41.36217498779297
2018-03-20,42.38081,-1,41.34801483154297
2018-03-21,42.16783,-1,40.41128540039063
2018-03-22,41.570847,-1,39.840293884277344
2018-03-23,40.95882,-1,38.91772079467773
2018-03-26,40.171703,-1,40.76521301269531
2018-03-27,40.80412,-1,39.71994400024414
2018-03-28,40.61679,-1,39.28108978271485
2018-03-29,40.23721,-1,39.58781814575195
2018-04-02,40.21623,-1,39.328269958496094
2018-04-03,40.087666,-1,39.731746673583984
2018-04-04,40.241047,-1,40.49151611328125
2018-04-05,40.74412,-1,40.77229690551758
2018-04-06,41.15182,-1,39.72938919067383
2018-04-09,40.76491,-1,40.1234245300293
2018-04-10,40.750084,-1,40.87847518920898
2018-04-11,41.17936,-1,40.68735122680664
2018-04-12,41.30214,-1,41.08845901489258
2018-04-13,41.557987,-1,41.2276725769043
2018-04-16,41.76081,-1,41.48485565185547
2018-04-17,41.991573,-1,42.05587387084961
2018-04-18,42.411694,-1,41.96147537231445
2018-04-19,42.5667,0,40.77229690551758
2018-04-20,41.97294,-1,39.10175323486328
2018-04-23,40.73988,-1,38.98851013183594
2018-04-24,40.067997,-1,38.4458122253418
2018-04-25,39.497982,-1,38.61333847045898
2018-04-26,39.332214,-1,38.747833251953125
2018-04-27,39.35424,-1,38.29953384399414
2018-04-30,39.131004,-1,38.99321365356445
2018-05-01,39.38955,0,39.89926910400391
2018-05-02,40.03354,-1,41.66183471679688
2018-05-03,41.316666,0,41.73733139038086
2018-05-04,41.991203,-1,43.37482070922852
2018-05-07,43.15669,-1,43.68864822387695
2018-05-08,43.898155,-1,43.89864349365234
2018-05-09,44.32866,-1,44.20773315429688
2018-05-10,44.677288,-1,44.8400764465332
2018-05-11,45.179295,-1,44.6695442199707
2018-05-14,45.329216,-1,44.56533432006836
2018-05-15,45.32013,-1,44.160301208496094
2018-05-16,45.085896,-1,44.57243347167969
2018-05-17,45.188984,-1,44.29056167602539
2018-05-18,45.10516,-1,44.12950134277344
2018-05-21,44.966953,-1,44.44215393066406
2018-05-22,45.070408,-1,44.330833435058594
2018-05-23,45.07307,-1,44.61506652832031
2018-05-24,45.222836,-1,44.56533432006836
2018-05-25,45.27429,-1,44.66716003417969
2018-05-29,45.347256,-1,44.50611114501953
2018-05-30,45.294533,-1,44.41137313842773
2018-05-31,45.21054,-1,44.26213455200195
2018-06-01,45.088467,-1,45.06037902832031
2018-06-04,45.46513,-1,45.436973571777344
2018-06-05,45.876442,-1,45.78752899169922
2018-06-06,46.259636,-1,45.94622039794922
2018-06-07,46.521282,-1,45.82305908203125
2018-06-08,46.567295,0,45.40616989135742
2018-06-11,46.347725,0,45.29486083984375
2018-06-12,46.169125,0,45.54356002807617
2018-06-13,46.2254,0,45.16932678222656
2018-06-14,46.062595,0,45.1930046081543
2018-06-15,45.986355,-1,44.728759765625
2018-06-18,45.70353,-1,44.705078125
2018-06-19,45.546738,-1,43.98263931274414
2018-06-20,45.088333,-1,44.17449951171875
2018-06-21,44.961807,-1,43.92817687988281
2018-06-22,44.790127,-1,43.80026626586914
2018-06-25,44.63783,-1,43.14889526367188
2018-06-26,44.21309,-1,43.6842041015625
2018-06-27,44.29108,-1,43.6202507019043
2018-06-28,44.324154,-1,43.93764877319336
2018-06-29,44.509212,-1,43.84527969360352
2018-07-02,44.55366,-1,44.3355712890625
2018-07-03,44.83231,-1,43.56341552734375
2018-07-05,44.55475,-1,43.91395950317383
2018-07-06,44.582073,-1,44.52268981933594
2018-07-09,44.94643,-1,45.14090347290039
2018-07-10,45.473522,-1,45.08642578125
2018-07-11,45.697556,-1,44.50137710571289
2018-07-12,45.4625,-1,45.24748229980469
2018-07-13,45.731796,-1,45.31854248046875
2018-07-16,45.927696,-1,45.21906280517578
2018-07-17,45.959446,-1,45.34696578979492
2018-07-18,46.033577,-1,45.09825897216797
2018-07-19,45.935165,-1,45.448822021484375
2018-07-20,46.070114,-1,45.3446044921875
2018-07-23,46.090767,-1,45.384864807128906
2018-07-24,46.115044,-1,45.71409606933594
2018-07-25,46.30616,-1,46.14519119262695
2018-07-26,46.6403,-1,46.00070190429688
2018-07-27,46.724968,-1,45.23563003540039
2018-07-30,46.330864,-1,44.98220443725586
2018-07-31,45.980286,-1,45.07219696044922
2018-08-01,45.870636,0,47.72740936279297
2018-08-02,47.283733,0,49.12252807617188
2018-08-03,48.794373,1,49.26464080810547
2018-08-06,49.574814,1,49.52044677734375
2018-08-07,50.027756,1,49.05620193481445
2018-08-08,49.96352,1,49.08936309814453
2018-08-09,49.92019,1,49.47544097900391
2018-08-10,50.113476,1,49.32807540893555
2018-08-13,50.138515,1,49.64659118652344
2018-08-14,50.3137,1,49.85575485229492
2018-08-15,50.51874,1,49.97222518920898
2018-08-16,50.67913,1,50.70431137084961
2018-08-17,51.149784,1,51.71688461303711
2018-08-20,51.93924,1,51.21297836303711
2018-08-21,52.049297,1,51.11313247680664
2018-08-22,52.002495,1,51.115516662597656
2018-08-23,51.972855,1,51.22010040283203
2018-08-24,52.018005,1,51.37935256958008
2018-08-27,52.130985,1,51.80244827270508
2018-08-28,52.4185,1,52.22077941894531
2018-08-29,52.79061,1,53.00040054321289
2018-08-30,53.392925,1,53.48768997192383
2018-08-31,53.951347,1,54.10568237304688
2018-09-04,54.543335,1,54.2791862487793
2018-09-05,54.913578,1,53.92502975463867
2018-09-06,54.87772,1,53.02893829345703
2018-09-07,54.3475,1,52.60107803344727
2018-09-10,53.83901,1,51.8951416015625
2018-09-11,53.221725,1,53.20719909667969
2018-09-12,53.645813,1,52.546424865722656
2018-09-13,53.54763,1,53.81568145751953
2018-09-14,54.160522,1,53.20481491088867
2018-09-17,54.155235,1,51.78818893432617
2018-09-18,53.340565,1,51.873756408691406
2018-09-19,52.959843,1,51.90465545654297
2018-09-20,52.829082,1,52.29921722412109
2018-09-21,52.999786,1,51.73590469360352
2018-09-24,52.790264,1,52.479862213134766
2018-09-25,53.074516,1,52.8126220703125
2018-09-26,53.418346,1,52.39191436767578
2018-09-27,53.351048,1,53.46866989135742
2018-09-28,53.880714,1,53.65644454956055
2018-10-01,54.26564,1,54.01773071289063
2018-10-02,54.630985,1,54.49786758422852
2018-10-03,55.06027,1,55.16101837158203
2018-10-04,55.62429,1,54.191253662109375
2018-10-05,55.36475,1,53.311790466308594
2018-10-08,54.71356,1,53.18818283081055
2018-10-09,54.32165,1,53.92502975463867
2018-10-10,54.55986,1,51.42689514160156
2018-10-11,53.34803,1,50.972900390625
2018-10-12,52.448647,1,52.79361343383789
2018-10-15,53.04645,1,51.66457748413086
2018-10-16,52.801823,1,52.80312347412109
2018-10-17,53.254906,1,52.57494354248047
2018-10-18,53.383404,1,51.34606552124024
2018-10-19,52.751293,1,52.12808609008789
2018-10-22,52.83732,1,52.44658660888672
2018-10-23,53.096664,1,52.94098663330078
2018-10-24,53.496773,1,51.125030517578125
2018-10-25,52.699913,1,52.24455261230469
2018-10-26,52.86622,1,51.41263198852539
2018-10-29,52.55113,1,50.447601318359375
2018-10-30,51.84869,1,50.69956588745117
2018-10-31,51.637196,1,52.0211296081543
2018-11-01,52.291527,1,52.819766998291016
2018-11-02,53.083775,1,49.31618881225586
2018-11-05,51.546894,1,47.91619110107422
2018-11-06,49.92522,1,48.434364318847656
2018-11-07,49.454536,-1,49.90328979492188
2018-11-08,50.112034,-1,49.72917938232422
2018-11-09,50.39181,-1,48.77031707763672
2018-11-12,49.97249,-1,46.31355667114258
2018-11-13,48.393585,-1,45.8508186340332
2018-11-14,47.33801,-1,44.5556640625
2018-11-15,46.17783,0,45.65524291992188
2018-11-16,46.234528,0,46.1609001159668
2018-11-19,46.61339,0,44.33143997192383
2018-11-20,45.809555,0,42.21337890625
2018-11-21,44.20601,0,42.16567611694336
2018-11-23,43.3875,0,41.0947151184082
2018-11-26,42.475174,0,41.65047836303711
2018-11-27,42.3498,-1,41.559837341308594
2018-11-28,42.291656,-1,43.15792846679688
2018-11-29,43.139206,-1,42.82638931274414
2018-11-30,43.406593,0,42.59502410888672
2018-12-03,43.36547,0,44.08338928222656
2018-12-04,44.138046,-1,42.14420700073242
2018-12-06,43.489326,0,41.67433547973633
2018-12-07,42.8423,-1,40.18834686279297
2018-12-10,41.733574,-1,40.453102111816406
2018-12-11,41.33654,-1,40.22174072265625
2018-12-12,41.072643,-1,40.33383941650391
2018-12-13,41.01984,-1,40.77510833740234
2018-12-14,41.24886,-1,39.47040557861328
2018-12-17,40.660267,-1,39.10307312011719
2018-12-18,40.134754,-1,39.61112976074219
2018-12-19,40.172813,-1,38.37559509277344
2018-12-20,39.552345,-1,37.40719604492188
2018-12-21,38.694576,-1,35.95221710205078
2018-12-24,37.488953,-1,35.02199935913086
2018-12-26,36.40159,-1,37.4882926940918
2018-12-27,37.251194,-1,37.2449951171875
2018-12-28,37.634853,-1,37.26407623291016
2018-12-31,37.79098,-1,37.62424850463867
2019-01-02,38.043865,-1,37.66717529296875
2019-01-03,38.189873,-1,33.915252685546875
2019-01-04,36.20381,-1,35.36307907104492
2019-01-07,35.938507,-1,35.28435134887695
2019-01-08,35.884186,-1,35.95698928833008
2019-01-09,36.23915,-1,36.56761169433594
2019-01-10,36.761856,-1,36.68448257446289
2019-01-11,37.077175,-1,36.32431411743164
2019-01-14,37.01256,-1,35.778099060058594
2019-01-15,36.6602,-1,36.5103645324707
2019-01-16,36.878464,-1,36.95639419555664
2019-01-17,37.259663,-1,37.17583465576172
2019-01-18,37.566044,-1,37.40481948852539
2019-01-22,37.82771,-1,36.565223693847656
2019-01-23,37.487915,-1,36.71310043334961
2019-01-24,37.373123,-1,36.42210388183594
2019-01-25,37.176266,-1,37.62902069091797
2019-01-28,37.738583,-1,37.2807846069336
2019-01-29,37.857445,-1,36.89437484741211
2019-01-30,37.672905,-1,39.4155387878418
2019-01-31,38.943382,-1,39.69937896728516
2019-02-01,39.779068,-1,39.71846008300781
2019-02-04,40.147522,-1,40.84667205810547
2019-02-05,40.903465,-1,41.54551696777344
2019-02-06,41.659576,-1,41.559837341308594
2019-02-07,42.017483,-1,40.772708892822266
2019-02-08,41.728813,-1,40.82063293457031
2019-02-11,41.581223,-1,40.58588409423828
2019-02-12,41.395233,-1,40.93561935424805
2019-02-13,41.498425,-1,40.76553726196289
2019-02-14,41.472343,-1,40.91405487060547
2019-02-15,41.533154,-1,40.82301330566406
2019-02-19,41.51725,-1,40.94517517089844
2019-02-20,41.57163,-1,41.20869064331055
2019-02-21,41.745033,-1,40.97633361816406
2019-02-22,41.706055,-1,41.43387222290039
2019-02-25,41.923973,-1,41.73569488525391
2019-02-26,42.205864,-1,41.759647369384766
2019-02-27,42.35328,-1,41.88898468017578
2019-02-28,42.483376,-1,41.47698593139648
2019-03-01,42.31784,-1,41.91294479370117
2019-03-04,42.46046,-1,42.12374496459961
2019-03-05,42.661404,-1,42.047096252441406
2019-03-06,42.716297,-1,41.805152893066406
2019-03-07,42.60042,-1,41.321285247802734
2019-03-08,42.272198,-1,41.41948699951172
2019-03-11,42.160732,-1,42.85436248779297
2019-03-12,42.90597,-1,43.33584213256836
2019-03-13,43.56773,-1,43.5274772644043
2019-03-14,43.97221,-1,44.011356353759766
2019-03-15,44.406403,-1,44.583866119384766
2019-03-18,44.92144,-1,45.03899002075195
2019-03-19,45.413208,-1,44.68207550048828
2019-03-20,45.444736,-1,45.072532653808594
2019-03-21,45.64346,-1,46.732566833496094
2019-03-22,46.65216,-1,45.76480865478516
2019-03-25,46.642593,-1,45.211463928222656
2019-03-26,46.271553,-1,44.74435424804688
2019-03-27,45.823147,-1,45.14679336547852
2019-03-28,45.83147,-1,45.2066764831543
2019-03-29,45.897736,-1,45.50130844116211
2019-04-01,46.0928,-1,45.810325622558594
2019-04-02,46.359547,-1,46.476261138916016
2019-04-03,46.850365,-1,46.79484558105469
2019-04-04,47.26503,-1,46.87629699707031
2019-04-05,47.49603,-1,47.19010162353516
2019-04-08,47.762325,-1,47.93268203735352
2019-04-09,48.292946,-1,47.78894805908203
2019-04-10,48.47689,-1,48.0572395324707
2019-04-11,48.686363,-1,47.657203674316406
2019-04-12,48.567112,-1,47.6380500793457
2019-04-15,48.481167,-1,47.72426986694336
2019-04-16,48.49124,-1,47.72906494140625
2019-04-17,48.505062,-1,48.65849304199219
2019-04-18,49.018757,-1,48.83335876464844
2019-04-22,49.38331,-1,48.99386215209961
2019-04-23,49.629513,-1,49.70051193237305
2019-04-24,50.121094,-1,49.62386322021485
2019-04-25,50.322178,-1,49.17351531982422
2019-04-26,50.15117,0,48.93876647949219
2019-04-29,49.92098,-1,49.01302719116211
2019-04-30,49.852077,-1,48.0692138671875
2019-05-01,49.31633,-1,50.42873001098633
2019-05-02,50.326134,-1,50.10055541992188
2019-05-03,50.712135,0,50.723365783691406
2019-05-06,51.189583,0,49.9400520324707
2019-05-07,50.988598,0,48.59381866455078
2019-05-08,50.118633,0,48.603397369384766
2019-05-09,49.680237,-1,48.08121109008789
2019-05-10,49.221348,0,47.41510391235352
2019-05-13,48.64504,0,44.65937042236328
2019-05-14,46.868343,0,45.3663330078125
2019-05-15,46.3564,-1,45.909793853759766
2019-05-16,46.49699,-1,45.70779800415039
2019-05-17,46.492336,-1,45.44809341430664
2019-05-20,46.337753,0,44.026947021484375
2019-05-21,45.48052,0,44.87096786499024
2019-05-22,45.49926,0,43.952396392822266
2019-05-23,45.062614,0,43.2021369934082
2019-05-24,44.421898,0,43.036231994628906
2019-05-28,44.0219,0,42.8582763671875
2019-05-29,43.755035,0,42.65387725830078
2019-05-30,43.52818,0,42.875099182128906
2019-05-31,43.545887,0,42.098411560058594
2019-06-03,43.145412,0,41.67277908325195
2019-06-04,42.700813,0,43.19732284545898
2019-06-05,43.323734,0,43.89468383789063
2019-06-06,44.05988,0,44.53914642333984
2019-06-07,44.75794,0,45.72462463378906
2019-06-10,45.724007,0,46.30895614624024
2019-06-11,46.505974,-1,46.845211029052734
2019-06-12,47.148026,-1,46.69610977172852
2019-06-13,47.35491,-1,46.68648910522461
2019-06-14,47.41836,0,46.347442626953125
2019-06-17,47.25478,0,46.62397003173828
2019-06-18,47.31665,0,47.72050476074219
2019-06-19,47.958576,0,47.581031799316406
2019-06-20,48.21648,1,47.96337127685547
2019-06-21,48.519676,1,47.79985046386719
2019-06-24,48.573742,1,47.751766204833984
2019-06-25,48.556984,1,47.027950286865234
2019-06-26,48.150505,1,48.04513168334961
2019-06-27,48.493153,1,48.030704498291016
2019-06-28,48.691795,1,47.59305953979492
2019-07-01,48.5356,1,48.46595001220703
2019-07-02,48.916904,1,48.74969482421875
2019-07-03,49.282207,1,49.15368270874024
2019-07-05,49.670124,1,49.110389709472656
2019-07-08,49.82711,1,48.0980339050293
2019-07-09,49.33295,1,48.39140701293945
2019-07-10,49.22368,1,48.86991882324219
2019-07-11,49.4594,1,48.5140266418457
2019-07-12,49.396378,1,48.886749267578125
2019-07-15,49.551422,1,49.34604644775391
2019-07-16,49.887436,1,49.17531967163086
2019-07-17,49.960964,1,48.89877700805664
2019-07-18,49.82731,1,49.45425415039063
2019-07-19,50.055492,1,48.71603393554688
2019-07-22,49.781616,1,49.82939147949219
2019-07-23,50.230385,1,50.21894073486328
2019-07-24,50.69634,1,50.17805862426758
2019-07-25,50.89012,1,49.78129577636719
2019-07-26,50.745834,1,49.95442581176758
2019-07-29,50.752377,1,50.420936584472656
2019-07-30,51.019875,1,50.20451354980469
2019-07-31,51.04229,1,51.22890472412109
2019-08-01,51.59572,1,50.1203498840332
2019-08-02,51.280724,1,49.059906005859375
2019-08-05,50.501698,1,46.49171829223633
2019-08-06,48.71242,1,47.371829986572266
2019-08-07,48.302353,1,47.86237335205078
2019-08-08,48.46898,0,48.91801834106445
2019-08-09,49.15765,0,48.51491928100586
2019-08-12,49.287838,1,48.39181137084961
2019-08-13,49.243954,1,50.44112396240234
2019-08-14,50.32969,1,48.93974685668945
2019-08-15,50.084137,1,48.69595336914063
2019-08-16,49.75256,1,49.84491729736328
2019-08-19,50.221107,1,50.77423095703125
2019-08-20,50.995773,1,50.776641845703125
2019-08-21,51.374218,1,51.326995849609375
2019-08-22,51.8237,1,51.28354644775391
2019-08-23,52.01238,1,48.91319274902344
2019-08-26,50.790726,1,49.842506408691406
2019-08-27,50.644432,1,49.28008270263672
2019-08-28,50.339867,1,49.61077880859375
2019-08-29,50.36965,1,50.45078277587891
2019-08-30,50.86267,1,50.38561630249024
2019-09-03,51.083847,1,49.65182113647461
2019-09-04,50.76793,1,50.49422836303711
2019-09-05,51.047085,1,51.481483459472656
2019-09-06,51.75248,1,51.47663879394531
2019-09-09,52.102535,1,51.69630432128906
2019-09-10,52.36108,1,52.30698776245117
2019-09-11,52.80782,1,53.9701042175293
2019-09-12,53.933258,1,53.84941101074219
2019-09-13,54.430405,1,52.80183029174805
2019-09-16,54.04883,1,53.07940673828125
2019-09-17,53.968975,1,53.27250671386719
2019-09-18,54.057854,1,53.77217102050781
2019-09-19,54.382835,1,53.33526992797852
2019-09-20,54.310024,1,52.55561828613281
2019-09-23,53.826164,1,52.79457092285156
2019-09-24,53.707363,0,52.54354095458984
2019-09-25,53.539318,0,53.3521614074707
2019-09-26,53.899548,1,53.07699203491211
2019-09-27,53.949272,1,52.818729400634766
2019-09-30,53.811264,1,54.061824798583984
2019-10-01,54.413322,1,54.21147918701172
2019-10-02,54.81991,1,52.852516174316406
2019-10-03,54.253883,1,53.30148315429688
2019-10-04,54.175682,0,54.79561996459961
2019-10-07,54.985905,0,54.80767822265625
2019-10-08,55.423054,0,54.16561508178711
2019-10-09,55.25066,0,54.80044937133789
2019-10-10,55.47858,0,55.53906631469727
2019-10-11,56.012447,0,57.01630401611328
2019-10-14,57.08386,0,56.93424987792969
2019-10-15,57.567684,1,56.801490783691406
2019-10-16,57.681206,1,56.57217025756836
2019-10-17,57.585705,1,56.79182434082031
2019-10-18,57.64909,1,57.06459426879883
2019-10-21,57.838043,1,58.05424499511719
2019-10-22,58.473263,1,57.921485900878906
2019-10-23,58.722576,1,58.69873046875
2019-10-24,59.236835,1,58.7952766418457
2019-10-25,59.543865,1,59.5194206237793
2019-10-28,60.067383,1,60.115631103515625
2019-10-29,60.64805,1,58.72527313232422
2019-10-30,60.162094,1,58.71803283691406
2019-10-31,59.86694,1,60.04561996459961
2019-11-01,60.467594,1,61.74977111816406
2019-11-04,61.730835,1,62.1552848815918
2019-11-05,62.57623,1,62.06596755981445
2019-11-06,62.89054,1,62.092533111572266
2019-11-07,63.01669,1,62.80915069580078
2019-11-08,63.454433,1,62.981048583984375
2019-11-11,63.77072,1,63.479793548583984
2019-11-12,64.18135,1,63.42166519165039
2019-11-13,64.345665,1,64.02937316894531
2019-11-14,64.73755,1,63.58628463745117
2019-11-15,64.691864,1,64.34166717529297
2019-11-18,65.05522,1,64.66610717773438
2019-11-19,65.42603,1,64.46998596191406
2019-11-20,65.49091,1,63.719459533691406
2019-11-21,65.09287,1,63.43379211425781
2019-11-22,64.725,1,63.37812042236328
2019-11-25,64.527664,1,64.48934173583984
2019-11-26,65.05329,1,63.98579025268555
2019-11-27,65.066956,1,64.8452377319336
2019-11-29,65.50864,1,64.70240783691406
2019-12-02,65.66144,1,63.95430374145508
2019-12-03,65.305855,1,62.814002990722656
2019-12-04,64.48871,1,63.36842346191406
2019-12-05,64.385414,1,64.29810333251953
2019-12-06,64.89,1,65.54009246826172
2019-12-09,65.83747,1,64.62252044677734
2019-12-10,65.80161,1,65.00020599365234
2019-12-11,65.9281,1,65.55462646484375
2019-12-12,66.29908,1,65.72167205810547
2019-12-13,66.576904,1,66.61502838134766
2019-12-16,67.18597,1,67.7553482055664
2019-12-17,68.10908,1,67.88851165771484
2019-12-18,68.62704,1,67.7262954711914
2019-12-19,68.75199,1,67.79407501220703
2019-12-20,68.82239,1,67.65365600585938
2019-12-23,68.775925,1,68.75765228271484
2019-12-24,69.349365,1,68.82303619384766
2019-12-26,69.68904,1,70.18849182128906
2019-12-27,70.57463,1,70.16184997558594
2019-12-30,71.0029,1,70.57827758789062
2019-12-31,71.3983,1,71.09396362304688
2020-01-02,71.859825,1,72.71605682373047
2020-01-03,72.96053,1,72.00910949707031
2020-01-06,73.123566,1,72.58290100097656
2020-01-07,73.45239,1,72.24154663085938
2020-01-08,73.429565,1,73.40364074707031
2020-01-09,74.03052,1,74.96279907226562
2020-01-10,75.19623,1,75.13225555419922
2020-01-13,75.86119,1,76.7374267578125
2020-01-14,77.00958,1,75.70121765136719
2020-01-15,77.00552,1,75.3768081665039
2020-01-16,76.75538,1,76.32098388671875
2020-01-17,77.14015,1,77.16596984863281
2020-01-21,77.81842,1,76.64299774169922
2020-01-22,77.86519,1,76.91658020019531
2020-01-23,77.99624,1,77.28699493408203
2020-01-24,78.26419,1,77.06424713134766
2020-01-27,78.275536,1,74.79816436767578
2020-01-28,77.03189,1,76.91415405273438
2020-01-29,77.53257,1,78.52415466308594
2020-01-30,78.74965,1,78.41035461425781
2020-01-31,79.292435,1,74.9337615966797
2020-02-03,77.607315,1,74.72796630859375
2020-02-04,76.57988,1,77.19499206542969
2020-02-05,77.49226,1,77.82447052001953
2020-02-06,78.37716,1,78.73477935791016
2020-02-07,79.27682,1,77.66455841064453
2020-02-10,79.108696,1,78.03343963623047
2020-02-11,79.16475,1,77.5626449584961
2020-02-12,78.949295,1,79.4045639038086
2020-02-13,79.83579,1,78.8391342163086
2020-02-14,80.00601,1,78.85855865478516
2020-02-18,80.04977,1,77.41461181640625
2020-02-19,79.27683,1,78.53577423095703
2020-02-20,79.48038,1,77.73009490966797
2020-02-21,79.19787,1,75.97066497802734
2020-02-24,78.07988,1,72.36205291748047
2020-02-25,75.5488,1,69.91096496582031
2020-02-26,72.96042,1,71.02001190185547
2020-02-27,72.36894,1,66.3775634765625
2020-02-28,69.693504,1,66.33872985839844
2020-03-02,68.30568,1,72.5149154663086
2020-03-03,71.109055,1,70.21190643310547
2020-03-04,71.40847,1,73.46864318847656
2020-03-05,73.15693,1,71.0855484008789
2020-03-06,72.754364,1,70.14151000976562
2020-03-09,71.91816,1,64.59387969970703
2020-03-10,68.48502,1,69.24601745605469
2020-03-11,69.27451,1,66.84107208251953
2020-03-12,68.59667,1,60.24021530151367
2020-03-13,64.59362,1,67.4574966430664
2020-03-16,66.46944,1,58.779293060302734
2020-03-17,62.977894,1,61.36381530761719
2020-03-18,62.43371,1,59.861629486083984
2020-03-19,61.55037,0,59.40296936035156
2020-03-20,60.869316,0,55.63173294067383
2020-03-23,58.510315,-1,54.449893951416016
2020-03-24,56.66945,-1,59.91259765625
2020-03-25,58.829597,-1,59.58255386352539
2020-03-26,59.89855,-1,62.71796798706055
2020-03-27,62.02729,-1,60.12130355834961
2020-03-30,61.658787,0,61.8370475769043
2020-03-31,62.264473,0,61.710845947265625
2020-04-01,62.53782,0,58.46380233764648
2020-04-02,60.873913,0,59.43936920166016
2020-04-03,60.516632,-1,58.58513641357422
2020-04-06,59.970745,-1,63.69594955444336
2020-04-07,62.492596,-1,62.95822143554688
2020-04-08,63.44767,0,64.5696029663086
2020-04-09,64.66494,0,65.03553771972656
2020-04-13,65.49642,1,66.31204986572266
2020-04-14,66.55124,1,69.6610107421875
2020-04-15,68.87688,1,69.02519226074219
2020-04-16,69.68358,1,69.57365417480469
2020-04-17,70.25882,1,68.6296157836914
2020-04-20,69.99717,1,67.20510864257812
2020-04-21,69.05021,1,65.12776184082031
2020-04-22,67.44143,1,67.00367736816406
2020-04-23,67.68217,1,66.74401092529297
2020-04-24,67.76981,0,68.6708755493164
2020-04-27,68.849464,0,68.71942138671875
2020-04-28,69.43533,1,67.60550689697266
2020-04-29,69.06639,1,69.82603454589844
2020-04-30,70.04537,0,71.29907989501953
2020-05-01,71.38432,0,70.15122985839844
2020-05-04,71.39865,1,71.14380645751953
2020-05-05,71.86229,1,72.2115707397461
2020-05-06,72.686714,1,72.95657348632812
2020-05-07,73.49564,1,73.71131134033203
2020-05-08,74.27871,1,75.46578979492188
2020-05-11,75.59342,1,76.65325927734375
2020-05-12,76.87935,1,75.77725982666016
2020-05-13,76.99354,1,74.8623275756836
2020-05-14,76.475586,1,75.32221984863281
2020-05-15,76.44966,1,74.87689971923828
2020-05-18,76.22826,1,76.64110565185547
2020-05-19,77.075195,1,76.19823455810547
2020-05-20,77.29194,1,77.68013763427734
2020-05-21,78.15832,1,77.10099792480469
2020-05-22,78.283134,1,77.59739685058594
2020-05-26,78.56421,1,77.0718002319336
2020-05-27,78.41818,1,77.4075927734375
2020-05-28,78.50749,1,77.4416732788086
2020-05-29,78.582726,1,77.36621856689453
2020-06-01,78.57586,1,78.31768798828125
2020-06-02,79.08553,1,78.68025207519531
2020-06-03,79.55007,1,79.1134033203125
2020-06-04,79.996605,1,78.4320297241211
2020-06-05,79.830414,1,80.6658706665039
2020-06-08,80.93093,1,81.14281463623047
2020-06-09,81.77699,1,83.70512390136719
2020-06-10,83.543594,1,85.8586654663086
2020-06-11,85.585075,1,81.73654174804688
2020-06-12,84.300385,1,82.44221496582031
2020-06-15,83.88573,1,83.46180725097656
2020-06-16,84.30698,1,85.67371368408203
2020-06-17,85.7573,1,85.55450439453125
2020-06-18,86.424545,1,85.58856201171875
2020-06-19,86.70075,1,85.09943389892578
2020-06-22,86.53815,1,87.32598114013672
2020-06-23,87.647125,1,89.18990325927734
2020-06-24,89.25056,1,87.61554718017578
2020-06-25,89.163574,1,88.77867889404297
2020-06-26,89.65013,1,86.0509033203125
2020-06-29,88.42922,1,88.03408813476562
2020-06-30,88.83994,1,88.7689437866211
2020-07-01,89.53183,1,88.6010513305664
2020-07-02,89.77646,1,88.6010513305664
2020-07-06,89.86085,1,90.97115325927734
2020-07-07,91.17731,1,90.68888092041016
2020-07-08,91.7066,1,92.80103302001952
2020-07-09,93.04744,1,93.20008850097656
2020-07-10,93.931656,1,93.36314392089844
2020-07-13,94.39847,1,92.93243408203124
2020-07-14,94.35428,1,94.4703369140625
2020-07-15,95.13846,1,95.12004852294922
2020-07-16,95.90466,1,93.94957733154295
2020-07-17,95.621155,1,93.75977325439452
2020-07-20,95.32333,1,95.73565673828124
2020-07-21,96.25935,1,94.41436767578124
2020-07-22,96.05028,1,94.6795883178711
2020-07-23,96.026825,1,90.37008666992188
2020-07-24,93.6889,1,90.14623260498048
2020-07-27,92.349205,1,92.2827377319336
2020-07-28,92.95719,1,90.7667465209961
2020-07-29,92.53473,1,92.50660705566406
2020-07-30,93.218956,1,93.62594604492188
2020-07-31,94.20905,1,103.4275131225586
2020-08-03,99.99802,1,106.03363800048828
2020-08-04,104.36621,1,106.74172973632812
2020-08-05,106.66336,1,107.12864685058594
2020-08-06,107.79946,1,110.86627960205078
2020-08-07,110.27616,1,108.3456573486328
2020-08-10,110.136665,1,109.92044830322266
2020-08-11,110.76716,1,106.65144348144533
2020-08-12,109.33996,1,110.19591522216795
2020-08-13,110.479866,1,112.14611053466795
2020-08-14,112.22018,1,112.0461654663086
2020-08-17,113.00223,1,111.7536392211914
2020-08-18,113.14376,1,112.6848373413086
2020-08-19,113.67406,1,112.8262176513672
2020-08-20,114.019554,1,115.32982635498048
2020-08-21,115.521225,1,121.27304077148438
2020-08-24,119.492035,1,122.72349548339844
2020-08-25,122.24714,1,121.71669006347656
2020-08-26,122.89092,1,123.3719253540039
2020-08-27,123.95108,1,121.89710998535156
2020-08-28,123.671104,1,121.69963836669922
2020-08-31,123.357574,1,125.82675170898438
2020-09-01,125.4412,1,130.83871459960938
2020-09-02,129.2452,1,128.12799072265625
2020-09-03,129.63332,1,117.86992645263672
2020-09-04,124.06981,1,117.94794464111328
2020-09-08,121.20143,1,110.01063537597656
2020-09-09,115.76903,1,114.39859008789064
2020-09-10,115.49281,1,110.66394805908205
2020-09-11,113.664795,1,109.2110595703125
2020-09-14,111.93898,1,112.48739624023438
2020-09-15,112.921455,1,112.66290283203124
2020-09-16,113.63046,1,109.33782196044922
2020-09-17,112.1353,1,107.59237670898438
2020-09-18,110.3655,1,104.17953491210938
2020-09-21,107.68799,1,107.33888244628906
2020-09-22,108.11311,1,109.0257797241211
2020-09-23,109.41254,1,104.4525909423828
2020-09-24,107.58375,1,105.52518463134766
2020-09-25,107.12861,1,109.4840850830078
2020-09-28,109.14782,1,112.09735107421876
2020-09-29,111.640114,1,111.24901580810548
2020-09-30,112.351326,1,112.92619323730467
2020-10-01,113.47317,1,113.88178253173828
2020-10-02,114.53095,1,110.20567321777344
2020-10-05,113.02551,1,113.59901428222656
2020-10-06,114.01371,1,110.34219360351562
2020-10-07,112.86274,1,112.21436309814452
2020-10-08,113.21584,1,112.10709381103516
2020-10-09,113.41424,1,114.05729675292967
2020-10-12,114.55003,1,121.30230712890624
2020-10-13,119.04203,1,118.08447265625
2020-10-14,119.57033,1,118.17222595214844
2020-10-15,119.61396,1,117.70417785644533
2020-10-16,119.354225,1,116.05625915527344
2020-10-19,118.3296,1,113.09195709228516
2020-10-20,116.21344,1,114.58384704589844
2020-10-21,115.984344,1,113.95978546142578
2020-10-22,115.65987,1,112.86766815185548
2020-10-23,114.91387,1,112.17536163330078
2020-10-26,114.170265,1,112.18511199951172
2020-10-27,113.83382,1,113.6965103149414
2020-10-28,114.52083,1,108.43096923828124
2020-10-29,112.04993,1,112.44840240478516
2020-10-30,112.89309,1,106.14924621582033
2020-11-02,110.07696,1,106.06149291992188
2020-11-03,108.5091,1,107.68990325927734
2020-11-04,108.74877,1,112.0876007080078
2020-11-05,111.34874,1,116.06600189208984
2020-11-06,114.835365,1,115.93413543701172
2020-11-09,116.4142,1,113.61917877197266
2020-11-10,115.76716,1,113.27730560302734
2020-11-11,115.14987,1,116.71556854248048
2020-11-12,116.73033,1,116.44207000732422
2020-11-13,117.445335,1,116.49090576171876
2020-11-16,117.74654,1,117.50676727294922
2020-11-17,118.40897,1,116.6178970336914
2020-11-18,118.25624,1,115.28944396972656
2020-11-19,117.41933,1,115.8852996826172
2020-11-20,117.31692,1,114.61549377441406
2020-11-23,116.630455,1,111.20653533935548
2020-11-24,114.43694,1,112.49586486816406
2020-11-25,114.03545,1,113.3358917236328
2020-11-27,114.41664,1,113.88289642333984
2020-11-30,114.93404,1,116.28578186035156
2020-12-01,116.47632,1,119.87059020996094
2020-12-02,119.18125,1,120.22220611572266
2020-12-03,120.68122,1,120.08546447753906
2020-12-04,121.21977,1,119.41146850585938
2020-12-07,121.045044,1,120.87665557861328
2020-12-08,121.71452,1,121.49201965332033
2020-12-09,122.408035,1,118.95238494873048
2020-12-10,121.35814,1,120.37850189208984
2020-12-11,121.540825,1,119.5677719116211
2020-12-14,121.26486,1,118.95238494873048
2020-12-15,120.77843,1,124.91075134277344
2020-12-16,123.757645,1,124.8423843383789
2020-12-17,125.29915,1,125.71170043945312
2020-12-18,126.38362,1,123.71910095214844
2020-12-21,125.778595,1,125.25260925292967
2020-12-22,126.22618,1,128.81790161132812
2020-12-23,128.4196,1,127.91922760009766
2020-12-24,129.04854,1,128.9058074951172
2020-12-28,129.7721,1,133.5161895751953
2020-12-29,132.59227,1,131.7384490966797
2020-12-30,133.05699,1,130.6151580810547
2020-12-31,132.52165,1,129.60906982421875
2021-01-04,131.67676,1,126.40523529052734
2021-01-05,129.54868,1,127.96809387207033
2021-01-06,129.33965,1,123.66048431396484
2021-01-07,127.04199,1,127.88013458251952
2021-01-08,128.13454,1,128.9839324951172
2021-01-11,129.43726,1,125.9852066040039
2021-01-12,128.42854,1,125.80941772460938
2021-01-13,127.72811,1,127.85089111328124
2021-01-14,128.52654,1,125.91683959960938
2021-01-15,127.94212,1,124.18792724609376
2021-01-19,126.65664,1,124.8619384765625
2021-01-20,126.38827,1,128.96441650390625
2021-01-21,128.5384,1,133.69200134277344
2021-01-22,132.21483,1,135.84095764160156
2021-01-25,135.14444,1,139.60154724121094
2021-01-26,138.4579,1,139.8359832763672
2021-01-27,140.12407,1,138.7615203857422
2021-01-28,140.21129,1,133.9069366455078
2021-01-29,137.55128,1,128.8960418701172
2021-02-01,133.47603,1,131.02540588378906
2021-02-02,132.67538,1,131.85569763183594
2021-02-03,132.95895,1,130.83004760742188
2021-02-04,132.60168,1,134.19993591308594
2021-02-05,134.20879,1,133.78416442871094
2021-02-08,134.83913,1,133.93093872070312
2021-02-09,135.1444,1,133.05052185058594
2021-02-10,134.79024,1,132.44400024414062
2021-02-11,134.26196,1,132.1896514892578
2021-02-12,133.87361,1,132.4244384765625
2021-02-16,133.83136,1,130.29188537597656
2021-02-17,132.68585,1,127.99299621582033
2021-02-18,130.85588,1,126.88758850097656
2021-02-19,129.38081,0,127.04411315917967
2021-02-22,128.81126,0,123.2583236694336
2021-02-23,126.56442,-1,123.12135314941406
2021-02-24,125.35617,-1,122.6224594116211
2021-02-25,124.59608,0,118.3573226928711
2021-02-26,121.971466,0,118.6214599609375
2021-03-01,120.79385,0,125.00936889648438
2021-03-02,123.78786,0,122.39747619628906
2021-03-03,124.005005,0,119.40406036376952
2021-03-04,122.3135,0,117.51604461669922
2021-03-05,120.40066,0,118.7779769897461
2021-03-08,120.19247,-1,113.8280792236328
2021-03-09,117.52836,-1,118.45515441894533
2021-03-10,118.65364,-1,117.36931610107422
2021-03-11,118.81627,0,119.30623626708984
2021-03-12,119.87411,0,118.39645385742188
2021-03-15,119.92114,0,121.2920379638672
2021-03-16,121.441986,-1,122.8376693725586
2021-03-17,123.063484,-1,122.04531860351562
2021-03-18,123.38466,-1,117.9073486328125
2021-03-19,121.218765,-1,117.37908935546876
2021-03-22,119.78974,-1,120.7051239013672
2021-03-23,120.97859,-1,119.87359619140624
2021-03-24,121.236694,-1,117.47691345214844
2021-03-25,120.002106,-1,117.96605682373048
2021-03-26,119.60801,-1,118.57254791259766
2021-03-29,119.80717,-1,118.7486343383789
2021-03-30,120.029625,-1,117.29106903076172
2021-03-31,119.34505,-1,119.49211120605467
2021-04-01,120.16319,-1,120.3236083984375
2021-04-05,121.079636,-1,123.16049194335938
2021-04-06,123.03541,-1,123.46376037597656
2021-04-07,124.15852,-1,125.1169891357422
2021-04-08,125.512886,-1,127.52349090576172
2021-04-09,127.44549,-1,130.1060028076172
2021-04-12,129.75833,-1,128.38429260253906
2021-04-13,129.915,0,131.50486755371094
2021-04-14,131.53648,0,129.15713500976562
2021-04-15,131.10844,0,131.57337951660156
2021-04-16,132.08981,-1,131.24075317382812
2021-04-19,132.4497,-1,131.90597534179688
2021-04-20,132.93597,-1,130.213623046875
2021-04-21,132.25731,-1,130.5951385498047
2021-04-22,132.08205,-1,129.06907653808594
2021-04-23,131.21289,0,131.39727783203125
2021-04-26,132.02637,-1,131.78860473632812
2021-04-27,132.71303,0,131.4657440185547
2021-04-28,132.84503,0,130.67337036132812
2021-04-29,132.44475,1,130.5755615234375
2021-04-30,132.1767,1,128.5995635986328
2021-05-03,130.99907,0,129.65603637695312
2021-05-04,130.97331,1,125.0680694580078
2021-05-05,128.56125,0,125.31262969970705
2021-05-06,127.44134,1,126.9169464111328
2021-05-07,127.87245,1,127.59310150146484
2021-05-10,128.52794,1,124.30059051513672
2021-05-11,127.06507,0,123.3795166015625
2021-05-12,125.76647,-1,120.30259704589844
2021-05-13,123.52189,-1,122.45838165283205
2021-05-14,123.59778,-1,124.88853454589844
2021-05-17,125.08498,-1,123.73225402832033
2021-05-18,125.22698,-1,122.34080505371094
2021-05-19,124.45602,-1,122.18401336669922
2021-05-20,123.961365,-1,124.75135040283205
2021-05-21,125.13643,0,122.9091339111328
2021-05-24,124.78385,-1,124.54557037353516
2021-05-25,125.409645,-1,124.34960174560548
2021-05-26,125.6511,-1,124.30059051513672
2021-05-27,125.711426,-1,122.76214599609376
2021-05-28,124.8986,-1,122.10562896728516
2021-06-01,124.118996,-1,121.7822494506836
2021-06-02,123.59022,-1,122.5465850830078
2021-06-03,123.77593,-1,121.05713653564452
2021-06-04,123.101006,-1,123.35990142822266
2021-06-07,123.980034,0,123.36968994140624
2021-06-08,124.48327,0,124.19281768798828
2021-06-09,125.13332,0,124.57496643066406
2021-06-10,125.64573,0,123.57546997070312
2021-06-11,125.33307,0,124.79055786132812
2021-06-14,125.794785,0,127.85765075683594
2021-06-15,127.70768,0,127.03453826904295
2021-06-16,128.22974,0,127.5343017578125
2021-06-17,128.65233,-1,129.1413116455078
2021-06-18,129.70659,-1,127.83806610107422
2021-06-21,129.5276,0,129.64111328125
2021-06-22,130.34207,0,131.28729248046875
2021-06-23,131.66373,0,131.01295471191406
2021-06-24,132.15308,0,130.728759765625
2021-06-25,132.17378,0,130.43479919433594
2021-06-28,131.99788,0,132.0712127685547
2021-06-29,132.78758,0,133.59007263183594
2021-06-30,134.02654,0,134.20741271972656
2021-07-01,134.95341,0,134.5111846923828
2021-07-02,135.52214,0,137.14712524414062
2021-07-06,137.17813,0,139.16572570800784
2021-07-07,139.0878,0,141.6645050048828
2021-07-08,141.3188,-1,140.3612060546875
2021-07-09,141.6607,-1,142.193603515625
2021-07-12,142.68686,-1,141.5959014892578
2021-07-13,142.88069,-1,142.7129669189453
2021-07-14,143.52039,-1,146.1524200439453
2021-07-15,145.68634,-1,145.49588012695312
2021-07-16,146.41954,0,143.4479217529297
2021-07-19,145.57082,0,139.5870361328125
2021-07-20,143.01788,0,143.2127227783203
2021-07-21,143.69453,-1,142.477783203125
2021-07-22,143.80914,0,143.84967041015625
2021-07-23,144.56178,-1,145.57427978515625
2021-07-26,145.86841,-1,145.9956512451172
2021-07-27,146.72453,-1,143.8202362060547
2021-07-28,145.92242,-1,142.06622314453125
2021-07-29,144.51501,0,142.7129669189453
2021-07-30,144.18336,0,142.9285125732422
2021-08-02,144.21408,0,142.5953826904297
2021-08-03,144.0713,-1,144.39840698242188
2021-08-04,144.96126,-1,143.99664306640625
2021-08-05,145.21516,-1,144.1044158935547
2021-08-06,145.34929,-1,143.41744995117188
2021-08-09,145.03514,-1,143.36839294433594
2021-08-10,144.83826,-1,142.8875274658203
2021-08-11,144.49815,-1,143.1427001953125
2021-08-12,144.47093,-1,146.1162567138672
2021-08-13,146.07126,-1,146.3223419189453
2021-08-16,147.01205,-1,148.30470275878906
2021-08-17,148.4624,-1,147.3920440673828
2021-08-18,148.66801,-1,143.6333465576172
2021-08-19,146.67337,0,143.96705627441403
2021-08-20,145.80852,0,145.42929077148438
2021-08-23,146.26807,0,146.92095947265625
2021-08-24,147.35817,0,146.8326416015625
2021-08-25,147.84656,1,145.5961151123047
2021-08-26,147.36986,1,144.7913818359375
2021-08-27,146.66219,1,145.83164978027344
2021-08-30,146.88293,1,150.2674102783203
2021-08-31,149.41557,1,149.00149536132812
2021-09-01,150.03586,1,149.66879272460938
2021-09-02,150.5588,1,150.78758239746094
2021-09-03,151.39154,1,151.4254913330078
2021-09-07,152.13348,1,153.7709503173828
2021-09-08,153.72195,1,152.22036743164062
2021-09-09,153.67175,1,151.1997528076172
2021-09-10,153.00487,1,146.1947479248047
2021-09-13,149.98691,1,146.7639617919922
2021-09-14,148.77176,1,145.36058044433594
2021-09-15,147.57628,1,146.253662109375
2021-09-16,147.50842,1,146.01808166503906
2021-09-17,147.41808,1,143.33895874023438
2021-09-20,145.93724,1,140.27711486816406
2021-09-21,143.53145,1,140.75794982910156
2021-09-22,142.63199,1,143.13290405273438
2021-09-23,143.58534,1,144.09461975097656
2021-09-24,144.64725,1,144.1829376220703
2021-09-27,145.18333,1,142.6618194580078
2021-09-28,144.57886,1,139.26629638671875
2021-09-29,142.41075,1,140.16909790039062
2021-09-30,141.80905,1,138.86392211914062
2021-10-01,140.92981,1,139.99246215820312
2021-10-04,141.1154,1,136.5478973388672
2021-10-05,139.41454,0,138.48117065429688
2021-10-06,139.55771,-1,139.35462951660156
2021-10-07,140.2042,-1,140.62057495117188
2021-10-08,141.20816,-1,140.2378387451172
2021-10-11,141.48201,-1,140.1494903564453
2021-10-12,141.51425,-1,138.87371826171875
2021-10-13,140.82967,-1,138.284912109375
2021-10-14,140.15727,-1,141.08177185058594
2021-10-15,141.35252,-1,142.1417083740234
2021-10-18,142.58202,-1,143.81980895996094
2021-10-19,144.04512,-1,145.98867797851562
2021-10-20,145.89027,-1,146.47933959960938
2021-10-21,147.02023,-1,146.69525146484375
2021-10-22,147.60979,-1,145.9199676513672
2021-10-25,147.43327,-1,145.87091064453125
2021-10-26,147.28229,-1,146.53822326660156
2021-10-27,147.57487,-1,146.07701110839844
2021-10-28,147.49037,-1,149.7277069091797
2021-10-29,149.38414,-1,147.00929260253906
2021-11-01,148.91568,0,146.18495178222656
2021-11-02,148.11612,0,147.22518920898438
2021-11-03,148.28934,0,148.66783142089844
2021-11-04,149.20125,1,148.1476593017578
2021-11-05,149.38458,1,148.6783905029297
2021-11-08,149.70781,1,147.85281372070312
2021-11-09,149.42265,1,148.2164764404297
2021-11-10,149.45052,1,145.3761749267578
2021-11-11,147.96214,1,145.3270263671875
2021-11-12,147.16362,1,147.4105682373047
2021-11-15,147.95732,1,147.42041015625
2021-11-16,148.42178,1,148.40321350097656
2021-11-17,149.13857,1,150.85035705566406
2021-11-18,150.79005,1,155.1550750732422
2021-11-19,153.90187,1,157.78895568847656
2021-11-22,156.81769,1,158.25091552734375
2021-11-23,158.3838,1,158.63417053222656
2021-11-24,159.22356,1,159.15505981445312
2021-11-26,159.84476,1,154.11328125
2021-11-29,157.42882,1,157.48431396484375
2021-11-30,157.94513,1,162.457275390625
2021-12-01,161.01373,1,161.9364013671875
2021-12-02,162.292,1,160.94378662109375
2021-12-03,162.23746,1,159.05677795410156
2021-12-06,161.1279,1,162.47694396972656
2021-12-07,162.38298,1,168.2361602783203
2021-12-08,166.16542,1,172.06906127929688
2021-12-09,170.0795,1,171.5580291748047
2021-12-10,171.60074,1,176.3639373779297
2021-12-13,174.70042,1,172.71774291992188
2021-12-14,174.28052,1,171.3319854736328
2021-12-15,173.14647,1,176.2165069580078
2021-12-16,175.18257,1,169.297607421875
2021-12-17,172.63658,1,168.19686889648438
2021-12-20,170.61647,1,166.8307647705078
2021-12-21,169.00401,1,170.01502990722656
2021-12-22,169.98557,1,172.6194610595703
2021-12-23,171.97078,1,173.24844360351562
2021-12-27,173.26724,1,177.22882080078125
2021-12-28,175.92409,1,176.20668029785156
2021-12-29,176.67561,1,176.29515075683594
2021-12-30,176.95108,1,175.13543701171875
2021-12-31,176.4366,1,174.51626586914062
2022-01-03,175.82945,1,178.87991333007812
2022-01-04,177.86053,1,176.60963439941406
2022-01-05,177.74461,1,171.91184997558594
2022-01-06,175.07268,1,169.04208374023438
2022-01-07,172.17912,1,169.2091522216797
2022-01-10,170.93674,1,169.22877502441406
2022-01-11,170.47977,1,172.06906127929688
2022-01-12,171.82372,1,172.5113525390625
2022-01-13,172.77652,1,169.22877502441406
2022-01-14,171.4418,1,170.09368896484375
2022-01-18,171.15317,1,166.87991333007812
2022-01-19,169.37773,1,163.3712921142578
2022-01-20,166.61137,1,161.68084716796875
2022-01-21,164.38904,0,159.61697387695312
2022-01-24,162.30705,0,158.84056091308594
2022-01-25,160.94861,-1,157.03224182128906
2022-01-26,159.40427,-1,156.94374084472656
2022-01-27,158.63647,-1,156.48184204101562
2022-01-28,158.08263,-1,167.4007568359375
2022-01-31,163.65567,-1,171.77427673339844
2022-02-01,168.88937,0,171.607177734375
2022-02-02,171.1619,1,172.8160400390625
2022-02-03,172.66066,1,169.9265594482422
2022-02-04,171.76859,1,169.64120483398435
2022-02-07,171.07207,1,168.9228515625
2022-02-08,170.39072,1,172.04229736328125
2022-02-09,171.74081,1,173.46917724609375
2022-02-10,173.23772,1,169.37551879882812
2022-02-11,171.75685,1,165.95101928710938
2022-02-14,169.08296,1,166.18719482421875
2022-02-15,167.91919,0,170.03482055664062
2022-02-16,169.52515,-1,169.7986602783203
2022-02-17,170.29807,0,166.18719482421875
2022-02-18,168.67845,0,164.63241577148438
2022-02-22,166.96732,0,161.69989013671875
2022-02-23,164.62074,0,157.51768493652344
2022-02-24,161.28204,-1,160.14508056640625
2022-02-25,161.09753,-1,162.221435546875
2022-02-28,162.30838,-1,162.4871368408203
2022-03-01,163.08243,-1,160.59774780273438
2022-03-02,162.39853,-1,163.9041748046875
2022-03-03,163.75702,-1,163.5794219970703
2022-03-04,164.32722,-1,160.56822204589844
2022-03-07,162.9349,-1,156.75994873046875
2022-03-08,160.1504,-1,154.92959594726562
2022-03-09,157.81927,-1,160.3517608642578
2022-03-10,159.67557,0,155.99237060546875
2022-03-11,158.4504,0,152.2628173828125
2022-03-14,155.70822,0,148.21835327148438
2022-03-15,152.19975,0,152.61708068847656
2022-03-16,152.90189,0,157.04534912109375
2022-03-17,155.84166,0,158.05889892578125
2022-03-18,157.856,-1,161.36529541015625
2022-03-21,160.47798,-1,162.7429962158203
2022-03-22,162.4443,-1,166.128173828125
2022-03-23,165.10425,-1,167.49598693847656
2022-03-24,167.0895,0,171.29444885253906
2022-03-25,169.97513,1,171.93406677246094
2022-03-28,171.68887,1,172.800048828125
2022-03-29,172.8631,1,176.10646057128906
2022-03-30,175.12383,1,174.9354248046875
2022-03-31,175.60419,1,171.8258056640625
2022-04-01,174.07121,1,171.53060913085938
2022-04-04,173.09929,1,175.59475708007812
2022-04-05,174.84924,1,172.26866149902344
2022-04-06,174.04951,1,169.0901336669922
2022-04-07,171.84395,1,169.39520263671875
2022-04-08,170.91676,1,167.37789916992188
2022-04-11,169.50017,1,163.1071014404297
2022-04-12,166.55183,1,164.98663330078125
2022-04-13,166.11275,1,167.68295288085938
2022-04-14,167.49608,1,162.6544189453125
2022-04-18,165.55869,1,162.4379425048828
2022-04-19,164.35493,1,164.7307586669922
2022-04-20,165.06949,0,164.5635223388672
2022-04-21,165.42078,0,163.76641845703125
2022-04-22,165.13232,0,159.2102508544922
2022-04-25,162.53368,-1,160.28285217285156
2022-04-26,161.77911,-1,154.29977416992188
2022-04-27,158.35483,-1,154.07347106933594
2022-04-28,156.50677,-1,161.03073120117188
2022-04-29,159.46896,-1,155.13623046875
2022-05-02,157.96576,-1,155.4412841796875
2022-05-03,157.16605,-1,156.93702697753906
2022-05-04,157.64102,-1,163.372802734375
2022-05-05,161.36465,-1,154.27029418945312
2022-05-06,158.40553,-1,154.99954223632812
2022-05-09,157.03671,-1,149.855224609375
2022-05-10,153.76175,0,152.26971435546875
2022-05-11,153.44139,0,144.3758544921875
2022-05-12,149.25021,0,140.4929656982422
2022-05-13,145.01439,0,144.97698974609375
2022-05-16,145.47742,0,143.4297637939453
2022-05-17,145.14305,0,147.07614135742188
2022-05-18,146.88861,0,138.7782440185547
2022-05-19,143.3599,0,135.3585205078125
2022-05-20,139.58382,0,135.59503173828125
2022-05-23,137.96834,-1,141.03500366210938
2022-05-24,140.28098,-1,138.3248748779297
2022-05-25,140.12047,-1,138.48252868652344
2022-05-26,139.9749,-1,141.69529724121094
2022-05-27,141.63147,-1,147.4703369140625
2022-05-31,145.59325,-1,146.681884765625
2022-06-01,147.1209,-1,146.55380249023438
2022-06-02,147.60097,-1,149.01756286621094
2022-06-03,149.07816,-1,143.27210998535156
2022-06-06,146.73996,-1,144.02105712890625
2022-06-07,145.84311,-1,146.55380249023438
2022-06-08,146.88203,-1,145.81468200683594
2022-06-09,147.08023,-1,140.57180786132812
2022-06-10,144.3083,-1,135.14170837402344
2022-06-13,139.94438,-1,129.9678497314453
2022-06-14,135.07004,-1,130.83506774902344
2022-06-15,133.27458,-1,133.46636962890625
2022-06-16,134.05437,-1,128.1741943359375
2022-06-17,131.71585,-1,129.6524658203125
2022-06-21,131.24332,-1,133.89996337890625
2022-06-22,133.42328,-1,133.3875274658203
2022-06-23,134.30403,-1,136.26516723632812
2022-06-24,136.17014,-1,139.60598754882812
2022-06-27,138.87712,-1,139.60598754882812
2022-06-28,140.16599,-1,135.4472198486328
2022-06-29,138.4354,-1,137.21127319335938
2022-06-30,138.40968,-1,134.73765563964844
2022-07-01,137.17694,-1,136.91558837890625
2022-07-05,137.71114,-1,139.50746154785156
2022-07-06,139.45677,-1,140.84774780273438
2022-07-07,141.04808,-1,144.22802734375
2022-07-08,143.57848,-1,144.90802001953125
2022-07-11,145.15733,-1,142.7694854736328
2022-07-12,144.67542,-1,143.74513244628906
2022-07-13,144.85512,-1,143.38047790527344
2022-07-14,144.78584,-1,146.31729125976562
2022-07-15,146.31523,-1,147.99261474609375
2022-07-18,148.01056,-1,144.93759155273438
2022-07-19,147.15968,-1,148.81060791015625
2022-07-20,148.69092,-1,150.8209991455078
2022-07-21,150.61386,-1,153.09751892089844
2022-07-22,152.73412,-1,151.85580444335938
2022-07-25,153.05185,-1,150.73231506347656
2022-07-26,152.48853,-1,149.40191650390625
2022-07-27,151.46931,-1,154.51661682128906
2022-07-28,153.71346,-1,155.0685577392578
2022-07-29,155.23354,0,160.15371704101562
2022-08-01,158.59671,0,159.168212890625
2022-08-02,159.7192,0,157.68995666503906
2022-08-03,159.30827,0,163.7212371826172
2022-08-04,162.24594,-1,163.40586853027344
2022-08-05,163.6253,-1,163.1788787841797
2022-08-08,164.04121,-1,162.70521545410156
2022-08-09,163.92372,0,162.75453186035156
2022-08-10,163.86777,0,167.017822265625
2022-08-11,166.11754,0,166.27764892578125
2022-08-12,166.89172,0,169.84027099609375
2022-08-15,169.04967,0,170.91595458984375
2022-08-16,170.69052,0,170.75804138183594
2022-08-17,171.32538,0,172.25808715820312
2022-08-18,172.35295,0,171.8633575439453
2022-08-19,172.6391,0,169.26788330078125
2022-08-22,171.34984,0,165.36973571777344
2022-08-23,168.5981,0,165.0342254638672
2022-08-24,167.07877,0,165.3302459716797
2022-08-25,166.61885,0,167.7974395751953
2022-08-26,167.78365,0,161.4716033935547
2022-08-29,165.04524,0,159.26101684570312
2022-08-30,162.37903,0,156.82345581054688
2022-08-31,159.86618,0,155.1556396484375
2022-09-01,157.83649,0,155.8859100341797
2022-09-02,157.32582,0,153.76412963867188
2022-09-06,156.0479,0,152.5009307861328
2022-09-07,154.7381,0,153.91221618652344
2022-09-08,154.88841,0,152.431884765625
2022-09-09,154.25159,0,155.3036651611328
2022-09-12,155.44362,0,161.28408813476562
2022-09-13,159.28708,0,151.82000732421875
2022-09-14,156.14925,0,153.2707061767578
2022-09-15,155.06616,0,150.36932373046875
2022-09-16,153.14851,0,148.72125244140625
2022-09-19,151.34073,0,152.4515838623047
2022-09-20,152.51619,0,154.83982849121094
2022-09-21,154.50911,-1,151.70159912109375
2022-09-22,153.78883,-1,150.73446655273438
2022-09-23,152.77568,-1,148.45477294921875
2022-09-26,151.07608,-1,148.7903289794922
2022-09-27,150.43782,-1,149.76731872558594
2022-09-28,150.73352,-1,147.87254333496094
2022-09-29,149.91011,-1,140.6091766357422
2022-09-30,145.57175,-1,136.38536071777344
2022-10-03,141.10599,-1,140.57958984375
2022-10-04,141.30746,-1,144.18165588378906
2022-10-05,143.61423,-1,144.4777069091797
2022-10-06,144.95033,-1,143.52044677734375
2022-10-07,144.98317,-1,138.2505340576172
2022-10-10,142.08904,-1,138.57620239257812
2022-10-11,140.7618,-1,137.15512084960938
2022-10-12,139.48866,-1,136.52352905273438
2022-10-13,138.56947,-1,141.1124725341797
2022-10-14,140.63272,-1,136.56300354003906
2022-10-17,139.31404,-1,140.54013061523438
2022-10-18,140.6363,-1,141.86248779296875
2022-10-19,142.11174,-1,141.97105407714844
2022-10-20,142.8525,-1,141.50723266601562
2022-10-21,142.897,-1,145.33627319335938
2022-10-24,144.92876,-1,147.48765563964844
2022-10-25,147.13257,-1,150.33969116210938
2022-10-26,149.67711,-1,147.3889923095703
2022-10-27,149.28246,-1,142.89874267578125
2022-10-28,146.51962,0,153.69505310058594
2022-10-31,150.89645,-1,151.32659912109375
2022-11-01,152.06827,0,148.67189025878906
2022-11-02,150.9871,0,143.1256866455078
2022-11-03,147.38766,0,137.05645751953125
2022-11-04,142.33612,-1,136.78955078125
2022-11-07,139.79669,-1,137.32334899902344
2022-11-08,139.07549,-1,137.89666748046875
2022-11-09,139.16096,-1,133.3198699951172
2022-11-10,136.7848,-1,145.18197631835938
2022-11-11,141.9105,-1,147.97943115234375
2022-11-14,146.20865,0,146.57574462890625
2022-11-15,147.3649,0,148.31553649902344
2022-11-16,148.63199,0,147.07989501953125
2022-11-17,148.55928,0,148.9877471923828
2022-11-18,149.46948,0,149.55116271972656
2022-11-21,150.25063,-1,146.30886840820312
2022-11-22,148.8666,-1,148.45391845703125
2022-11-23,149.25316,-1,149.33372497558597
2022-11-25,150.01111,-1,146.40774536132812
2022-11-28,148.81439,-1,142.56243896484372
2022-11-29,146.08827,0,139.54747009277344
2022-11-30,143.13284,0,146.32864379882812
2022-12-01,145.4042,0,146.6054229736328
2022-12-02,146.90868,0,146.11119079589844
2022-12-05,147.28041,0,144.9447479248047
2022-12-06,146.75417,0,141.26748657226562
2022-12-07,144.48743,0,139.32012939453125
2022-12-08,142.30092,0,141.01048278808594
2022-12-09,142.21405,0,140.526123046875
2022-12-12,142.04216,0,142.82933044433594
2022-12-13,143.19131,0,143.798095703125
2022-12-14,144.31465,-1,141.5640411376953
2022-12-15,143.62646,-1,134.93115234375
2022-12-16,139.63918,-1,132.96401977539062
2022-12-19,136.55722,-1,130.84861755371094
2022-12-20,134.06602,0,130.77943420410156
2022-12-21,132.92357,0,133.89321899414062
2022-12-22,134.1551,0,130.71022033691406
2022-12-23,133.14775,0,130.344482421875
2022-12-27,132.34766,0,128.5355224609375
2022-12-28,131.0181,-1,124.59137725830078
2022-12-29,128.25026,-1,128.12034606933594
2022-12-30,128.79446,-1,128.43667602539062
2023-01-03,129.4163,-1,123.63253021240234
2023-01-04,127.113625,-1,124.90771484375
2023-01-05,126.56426,-1,123.5831069946289
2023-01-06,125.705925,-1,128.13021850585938
2023-01-09,127.74258,-1,128.65414428710938
2023-01-10,129.13367,-1,129.2274627685547
2023-01-11,130.0368,-1,131.95574951171875
2023-01-12,131.88786,-1,131.8766632080078
2023-01-13,132.75117,-1,133.21115112304688
2023-01-17,133.80429,-1,134.37759399414062
2023-01-18,134.92703,-1,133.65599060058594
2023-01-19,135.05896,-1,133.71533203125
2023-01-20,135.09262,-1,136.28543090820312
2023-01-23,136.48602,-1,139.4882049560547
2023-01-24,138.92891,-1,140.89183044433594
2023-01-25,140.8646,-1,140.22952270507812
2023-01-26,141.36401,-1,142.305419921875
2023-01-27,142.62051,-1,144.25277709960938
2023-01-30,144.28867,-1,141.35646057128906
2023-01-31,143.52574,-1,142.63162231445312
2023-02-01,143.71497,-1,143.75852966308594
2023-02-02,144.46724,-1,149.08657836914062
2023-02-03,147.7014,-1,152.7242889404297
2023-02-06,151.27731,-1,149.98609924316406
2023-02-07,151.46732,-1,152.8725280761719
2023-02-08,152.89336,-1,150.17393493652344
2023-02-09,152.18153,-1,149.135986328125
2023-02-10,151.17464,-1,149.50230407714844
2023-02-13,150.89671,-1,152.31398010253906
2023-02-14,152.3203,-1,151.67042541503906
2023-02-15,152.73093,-1,153.77919006347656
2023-02-16,153.98355,-1,152.17535400390625
2023-02-17,153.75043,-1,151.02694702148438
2023-02-21,152.94026,-1,146.99757385253906
2023-02-22,150.38083,-1,147.42327880859375
2023-02-23,149.33427,-1,147.90838623046875
2023-02-24,149.20882,-1,145.2452392578125
2023-02-27,147.7802,-1,146.4431610107422
2023-02-28,147.68747,-1,145.93824768066406
2023-03-01,147.45465,-1,143.85922241210938
2023-03-02,146.22362,-1,144.45323181152344
2023-03-03,145.91675,-1,149.52210998535156
2023-03-06,148.54636,-1,152.29415893554688
2023-03-07,151.40787,-1,150.08642578125
2023-03-08,151.54604,0,151.34373474121094
2023-03-09,152.11548,0,149.08648681640625
2023-03-10,151.19696,0,147.01736450195312
2023-03-13,149.58151,0,148.9676818847656
2023-03-14,149.84737,0,151.06654357910156
2023-03-15,151.20764,0,151.46253967285156
2023-03-16,152.10681,-1,154.29397583007812
2023-03-17,154.00182,0,153.4524688720703
2023-03-20,154.47835,0,155.8284912109375
2023-03-21,155.87933,0,157.6897430419922
2023-03-22,157.57048,0,156.2542266845703
2023-03-23,157.59567,0,157.34323120117188
2023-03-24,158.08917,0,158.65005493164062
2023-03-27,159.04294,0,156.69972229003906
2023-03-28,158.46786,0,156.07601928710938
2023-03-29,157.78134,0,159.16488647460938
2023-03-30,159.11122,0,160.73898315429688
2023-03-31,160.68098,-1,163.25363159179688
2023-04-03,162.75125,-1,164.51092529296875
2023-04-04,164.39586,-1,163.97633361816406
2023-04-05,164.83693,1,162.12498474121094
2023-04-06,163.98196,1,163.0160369873047
2023-04-10,163.99117,0,160.41229248046875
2023-04-11,162.6638,-1,159.19456481933594
2023-04-12,161.32951,-1,158.50155639648438
2023-04-13,160.35176,0,163.9070587158203
2023-04-14,162.80716,0,163.560546875
2023-04-17,163.95003,1,163.580322265625
2023-04-18,164.40001,1,164.80796813964844
2023-04-19,165.2166,1,165.95639038085938
2023-04-20,166.22331,1,164.9861602783203
2023-04-21,166.17903,1,163.37242126464844
2023-04-24,165.23784,1,163.67933654785156
2023-04-25,164.91946,0,162.13491821289062
2023-04-26,163.99124,0,162.12498474121094
2023-04-27,163.5259,-1,166.72857666015625
2023-04-28,165.79161,-1,167.98590087890625
2023-05-01,167.65807,-1,167.89682006835938
2023-05-02,168.43622,-1,166.8572998046875
2023-05-03,168.17296,0,165.77816772460938
2023-05-04,167.41801,-1,164.13473510742188
2023-05-05,166.17197,-1,171.8370819091797
2023-05-08,169.6691,-1,171.7677764892578
2023-05-09,171.51428,0,170.0550537109375
2023-05-10,171.3451,1,171.82716369628906
2023-05-11,172.08833,1,172.0152587890625
2023-05-12,172.58487,1,171.08335876464844
2023-05-15,172.30382,1,170.58767700195312
2023-05-16,171.86757,1,170.58767700195312
2023-05-17,171.66116,1,171.20233154296875
2023-05-18,171.9083,1,173.5419921875
2023-05-19,173.28993,1,173.65106201171875
2023-05-22,174.04597,1,172.69932556152344
2023-05-23,173.84795,1,170.08206176757812
2023-05-24,172.31215,1,170.3596649169922
2023-05-25,171.68013,0,171.499755859375
2023-05-26,172.05284,0,173.91873168945312
2023-05-30,173.56621,0,175.77261352539062
2023-05-31,175.30632,0,175.72305297851562
2023-06-01,176.08597,1,178.53858947753906
2023-06-02,177.87447,1,179.39117431640625
2023-06-05,179.20288,1,178.032958984375
2023-06-06,179.06349,1,177.66616821289062
2023-06-07,178.72011,1,176.28814697265625
2023-06-08,177.82498,1,179.01443481445312
2023-06-09,178.82921,1,179.40109252929688
2023-06-12,179.60701,1,182.20669555664065
2023-06-13,181.43082,1,181.73085021972656
2023-06-14,182.07349,1,182.3653259277344
2023-06-15,182.63112,1,184.4075927734375
2023-06-16,183.9604,1,183.32696533203125
2023-06-20,184.0436,1,183.41619873046875
2023-06-21,184.05551,1,182.375244140625
2023-06-22,183.50926,1,185.38905334472656
2023-06-23,184.81981,1,185.07179260253903
2023-06-26,185.36198,1,183.6739654541016
2023-06-27,184.82523,1,186.4399261474609
2023-06-28,185.97655,1,187.6196746826172
2023-06-29,187.22528,1,187.9567413330078
2023-06-30,187.97766,1,192.2990264892578
2023-07-03,190.57753,1,190.80203247070312
2023-07-05,191.0854,1,189.68174743652344
2023-07-06,190.6031,1,190.15760803222656
2023-07-07,190.5781,1,189.03732299804688
2023-07-10,190.00723,1,186.98521423339844
2023-07-11,188.63524,1,186.45974731445312
2023-07-12,187.68674,1,188.1352081298828
2023-07-13,188.16377,1,188.8985595703125
2023-07-14,188.86772,1,189.04725646972656
2023-07-17,189.27849,1,192.31881713867188
2023-07-18,191.16887,1,192.0610809326172
2023-07-19,191.98207,1,193.41928100585935
2023-07-20,193.00194,1,191.4662628173828
2023-07-21,192.45297,1,190.28651428222656
2023-07-24,191.4904,1,191.08950805664065
2023-07-25,191.45248,1,191.9520263671875
2023-07-26,191.94568,1,192.82444763183597
2023-07-27,192.66081,1,191.55548095703125
2023-07-28,192.33195,1,194.14300537109372
2023-07-31,193.48044,1,194.7576141357422
2023-08-01,194.41504,1,193.9248809814453
2023-08-02,194.39017,1,190.9209747314453
2023-08-03,192.74289,1,189.5231170654297
2023-08-04,191.16199,1,180.42222595214844
2023-08-07,185.64732,1,177.3092803955078
2023-08-08,181.25304,1,178.25108337402344
2023-08-09,179.81512,1,176.65496826171875
2023-08-10,178.48817,1,176.43682861328125
2023-08-11,177.76732,1,176.4964141845703
2023-08-14,177.50029,1,178.15426635742188
2023-08-15,178.27779,1,176.1588897705078
2023-08-16,177.63411,1,175.28529357910156
2023-08-17,176.78899,1,172.73397827148438
2023-08-18,175.03783,0,173.22042846679688
2023-08-21,174.44168,0,174.5605926513672
2023-08-22,174.94884,0,175.9404754638672
2023-08-23,175.97543,0,179.80218505859375
2023-08-24,178.51636,1,175.0966796875
2023-08-25,177.27287,1,177.31044006347656
2023-08-28,177.65034,1,178.8789520263672
2023-08-29,178.75214,1,182.78033447265625
2023-08-30,181.36102,1,186.28466796875
2023-08-31,184.49019,1,186.5030517578125
2023-09-01,186.06212,1,188.0814971923828
2023-09-05,187.51872,1,188.31976318359372
2023-09-06,188.30464,1,181.5791778564453
2023-09-07,185.07033,1,176.26808166503906
2023-09-08,180.55164,1,176.88356018066406
2023-09-11,178.74556,1,178.0550079345703
2023-09-12,178.70659,1,175.01727294921875
2023-09-13,177.18367,1,172.94247436523438
2023-09-14,175.29614,1,174.46131896972656
2023-09-15,175.21584,0,173.7366485595703
2023-09-18,174.90094,0,176.6750946044922
2023-09-19,176.29642,0,177.76710510253906
2023-09-20,177.61078,0,174.21315002441406
2023-09-21,176.31998,0,172.6644744873047
2023-09-22,174.75294,-1,173.51821899414062
2023-09-25,174.47578,-1,174.7988739013672
2023-09-26,175.10623,-1,170.70884704589844
2023-09-27,173.27806,-1,169.18995666503906
2023-09-28,171.48853,-1,169.44805908203125
2023-09-29,170.81175,-1,169.9642791748047
2023-10-02,170.84326,-1,172.4857940673828
2023-10-03,172.23634,-1,171.1456298828125
2023-10-04,172.2401,-1,172.39645385742188
2023-10-05,172.81966,0,173.6373748779297
2023-10-06,173.77647,0,176.1986083984375
2023-10-09,175.59265,-1,177.6876678466797
2023-10-10,177.26094,-1,177.092041015625
2023-10-11,177.6976,-1,178.49179077148438
2023-10-12,178.56512,-1,179.39517211914062
2023-10-13,179.46709,-1,177.5487060546875
2023-10-16,178.90538,-1,177.41964721679688
2023-10-17,178.49536,-1,175.86105346679688
2023-10-18,177.49483,-1,174.5605926513672
2023-10-19,176.31575,-1,174.18336486816406
2023-10-20,175.56836,-1,171.62213134765625
2023-10-23,173.89528,-1,171.74127197265625
2023-10-24,173.13876,-1,172.17807006835938
2023-10-25,173.07959,0,169.8551025390625
2023-10-26,171.8596,-1,165.67572021484375
2023-10-27,169.01018,0,166.99603271484375
2023-10-30,168.31259,0,169.05096435546875
2023-10-31,169.21484,0,169.52749633789062
2023-11-01,169.97281,0,172.7042236328125
2023-11-02,171.99248,0,176.27801513671875
2023-11-03,174.8819,0,175.36471557617188
2023-11-06,175.76631,-1,177.92591857910156
2023-11-07,177.40547,0,180.49710083007807
2023-11-08,179.56102,0,181.55931091308597
2023-11-09,181.13838,0,181.0828094482422
2023-11-10,181.57332,-1,185.28753662109372
2023-11-13,183.92729,-1,183.6970977783203
2023-11-14,184.2791,-1,186.3213653564453
2023-11-15,185.70683,-1,186.8879547119141
2023-11-16,186.7241,-1,188.57781982421875
2023-11-17,188.05626,-1,188.5579071044922
2023-11-20,188.67415,-1,190.3074188232422
2023-11-21,189.83679,-1,189.5022430419922
2023-11-22,189.97769,-1,190.16824340820312
2023-11-24,190.33383,-1,188.83624267578125
2023-11-27,189.81015,-1,188.6573181152344
2023-11-28,189.4269,-1,189.263671875
2023-11-29,189.58192,-1,188.2398223876953
2023-11-30,189.14624,-1,188.81637573242188
2023-12-01,189.21632,-1,190.09866333007807
2023-12-04,189.95395,-1,188.29946899414065
2023-12-05,189.3819,-1,192.26565551757807
2023-12-06,191.13058,-1,191.17222595214844
2023-12-07,191.49065,-1,193.11058044433597
2023-12-08,192.59058,-1,194.5419921875
2023-12-11,193.88876,-1,192.02706909179688
2023-12-12,193.17049,-1,193.5479888916016
2023-12-13,193.52426,-1,196.778564453125
2023-12-14,195.44852,-1,196.92767333984372
2023-12-15,196.4972,-1,196.39089965820312
2023-12-18,196.64093,-1,194.72091674804688
2023-12-19,195.77737,-1,195.76466369628903
2023-12-20,195.87486,-1,193.6672515869141
2023-12-21,194.8769,-1,193.51812744140625
2023-12-22,194.27963,-1,192.444580078125
2023-12-26,193.46797,0,191.89788818359372
2023-12-27,192.79782,0,191.99725341796875
2023-12-28,192.5527,0,192.4247283935547
2023-12-29,192.69011,0,191.38096618652344
2024-01-02,192.22505,0,184.53208923339844
2024-01-03,188.36795,0,183.1503753662109
2024-01-04,185.67848,0,180.82437133789065
2024-01-05,183.29448,0,180.0986785888672
2024-01-08,181.84012,0,184.4525604248047
2024-01-09,183.52887,0,184.0350799560547
2024-01-10,184.26144,0,185.07879638671875
2024-01-11,185.08318,0,184.48236083984372
2024-01-12,185.14546,0,184.8104248046875
2024-01-16,185.30038,0,182.5340881347656
2024-01-17,184.17502,0,181.58973693847656
2024-01-18,183.08713,0,187.50424194335935
2024-01-19,185.71606,0,190.4167633056641
2024-01-22,188.67007,0,192.7328338623047
2024-01-23,191.25107,0,194.01513671875
2024-01-24,193.07771,0,193.33921813964844
2024-01-25,193.51103,0,193.01116943359372
2024-01-26,193.45656,0,191.2716217041016
2024-01-29,192.49242,0,190.58575439453125
2024-01-30,191.64215,0,186.91775512695312
2024-01-31,189.33284,0,183.29949951171875
2024-02-01,186.28659,0,185.74481201171875
2024-02-02,186.14554,0,184.7408447265625
2024-02-05,185.72437,0,186.55992126464844
2024-02-06,186.4714,0,188.1702423095703
2024-02-07,187.72728,0,188.27960205078125
2024-02-08,188.38449,0,187.1960906982422
2024-02-09,188.07538,0,187.96246337890625
2024-02-12,188.28073,-1,186.27044677734372
2024-02-13,187.51405,-1,184.17037963867188
2024-02-14,185.99936,-1,183.28456115722656
2024-02-15,184.79771,0,182.99594116210935
2024-02-16,184.11687,0,181.4532012939453
2024-02-20,183.02196,0,180.7067413330078
2024-02-21,182.10202,0,181.46316528320312
2024-02-22,182.09132,0,183.5035095214844
2024-02-23,183.21672,0,181.6622467041016
2024-02-26,182.82275,0,180.30860900878903
2024-02-27,181.83469,0,181.77171325683597
2024-02-28,182.12189,0,180.56739807128903
2024-02-29,181.6927,0,179.90054321289062
2024-03-01,181.10059,0,178.81565856933594
2024-03-04,180.24686,0,174.277099609375
2024-03-05,177.4386,0,169.32049560546875
2024-03-06,173.41106,0,168.3251953125
2024-03-07,170.97174,-1,168.20574951171875
2024-03-08,169.88934,-1,169.92762756347656
2024-03-11,170.38748,-1,171.93814086914062
2024-03-12,171.77171,-1,172.41586303710938
2024-03-13,172.70459,0,170.3257598876953
2024-03-14,171.9899,0,172.1869659423828
2024-03-15,172.55101,0,171.80874633789062
2024-03-18,172.68338,0,172.90357971191406
2024-03-19,173.2984,0,175.25250244140625
2024-03-20,174.85336,0,177.83030700683594
2024-03-21,176.98419,0,170.56460571289062
2024-03-22,174.13914,0,171.4703369140625
2024-03-25,173.02428,0,170.0470733642578
2024-03-26,171.86821,0,168.9124298095703
2024-03-27,170.73659,0,172.49549865722656
2024-03-28,172.12335,0,170.67408752441406
2024-04-01,171.93968,0,169.23092651367188
2024-04-02,170.99246,0,168.04649353027344
2024-04-03,169.88461,0,168.8527069091797
2024-04-04,169.79779,0,168.026611328125
2024-04-05,169.3803,0,168.7830352783203
2024-04-08,169.57039,0,167.65834045410156
2024-04-09,169.09503,0,168.8726043701172
2024-04-10,169.48207,0,166.99147033691406
2024-04-11,168.71045,0,174.2173614501953
2024-04-12,172.12402,0,175.72027587890625
2024-04-15,174.72916,0,171.87841796875
2024-04-16,173.82932,0,168.583984375
2024-04-17,171.46008,0,167.21046447753906
2024-04-18,169.56503,0,166.2549591064453
2024-04-19,168.22408,-1,164.2245635986328
2024-04-22,166.5662,-1,165.0605926513672
2024-04-23,166.23401,-1,166.11561584472656
2024-04-24,166.72168,-1,168.2256622314453
2024-04-25,168.11241,0,169.09158325195312
2024-04-26,169.25865,0,168.5043487548828
2024-04-29,169.45277,0,172.68460083007812
2024-04-30,171.70285,0,169.5294952392578
2024-05-01,171.17911,0,168.5043487548828
2024-05-02,170.2289,0,172.21682739257812
2024-05-03,171.74342,0,182.51817321777344
2024-05-06,178.03922,0,180.8560333251953
2024-05-07,180.31693,0,181.5427703857422
2024-05-08,181.47514,0,181.88119506835935
2024-05-09,182.11906,0,183.70260620117188
2024-05-10,183.34938,0,182.4368438720703
2024-05-13,183.28165,0,185.65603637695312
2024-05-14,184.87636,0,186.8021697998047
2024-05-15,186.31056,0,189.08450317382807
2024-05-16,188.15903,0,189.2041015625
2024-05-17,189.09088,0,189.2340087890625
2024-05-20,189.47868,0,190.4000701904297
2024-05-21,190.24,0,191.7057037353516
2024-05-22,191.29922,0,190.26055908203125
2024-05-23,191.0412,0,186.2540283203125
2024-05-24,188.73647,0,189.3436279296875
2024-05-28,189.19516,0,189.3536071777344
2024-05-29,189.57661,0,189.652587890625
2024-05-30,189.90231,0,190.6492462158203
2024-05-31,190.57137,0,191.6060333251953
2024-06-03,191.39978,0,193.38006591796875
2024-06-04,192.71942,0,193.69900512695312
2024-06-05,193.51749,0,195.21389770507807
2024-06-06,194.64638,0,193.8285369873047
2024-06-07,194.45367,0,196.23048400878903
2024-06-10,195.55055,0,192.4730987548828
2024-06-11,194.15498,0,206.4561004638672
2024-06-12,200.70316,0,212.35630798339844
2024-06-13,207.23428,0,213.5223693847656
2024-06-14,210.80716,-1,211.7782287597656
2024-06-17,211.35016,-1,215.94422912597656
2024-06-18,213.59404,-1,213.57218933105472
2024-06-20,213.48993,-1,208.9776306152344
2024-06-21,210.91719,-1,206.7949981689453
2024-06-24,208.46957,-1,207.4427947998047
2024-06-25,207.70741,-1,208.36968994140625
2024-06-26,207.94603,-1,212.5356903076172
2024-06-27,210.28404,-1,213.3828582763672
2024-06-28,211.91006,-1,209.91448974609372
2024-07-01,210.79826,-1,216.02395629882807
2024-07-02,213.31203,-1,219.53216552734372
2024-07-03,216.49294,-1,220.8078765869141
2024-07-05,218.63925,-1,225.5818328857422
2024-07-08,222.02698,0,227.056884765625
2024-07-09,224.40472,1,227.9139862060547
2024-07-10,225.87177,1,232.1995849609375
2024-07-11,228.70093,1,226.80772399902344
2024-07-12,227.28949,1,229.76776123046875
2024-07-15,227.93312,1,233.6148376464844
2024-07-16,230.33514,1,234.033447265625
2024-07-17,231.74718,1,228.1133270263672
2024-07-18,229.28093,1,223.42906188964844
2024-07-19,225.51605,1,223.5586395263672
2024-07-22,223.80101,1,223.20982360839844
2024-07-23,222.96327,1,224.25628662109372
2024-07-24,223.17331,1,217.8079376220703
2024-07-25,219.98528,1,216.7614898681641
2024-07-26,217.78938,0,217.2299041748047
2024-07-29,217.09146,-1,217.50897216796875
2024-07-30,217.00392,-1,218.06710815429688
2024-07-31,217.28531,-1,221.3361053466797
2024-08-01,219.1266,0,217.6285552978516
2024-08-02,218.12892,0,219.12355041503903
2024-08-05,218.28204,1,208.56903076171875
2024-08-06,212.93025,1,206.5358428955078
2024-08-07,209.11044,0,209.1171722412109
2024-08-08,208.81177,-1,212.5954742431641
2024-08-09,210.69368,-1,215.51568603515625
2024-08-12,213.19139,-1,217.0522918701172
2024-08-13,215.15596,0,220.7840881347656
2024-08-14,217.95131,0,221.23309326171875
2024-08-15,219.50317,1,224.22650146484372
2024-08-16,221.68697,1,225.5535888671875
2024-08-19,223.40628,1,225.3939208984375
2024-08-20,224.08101,1,226.0125732421875
2024-08-21,224.65045,1,225.9028167724609
2024-08-22,224.8509,1,224.0369110107422
2024-08-23,223.95915,1,226.3418426513672
2024-08-26,224.68513,1,226.68109130859372
2024-08-27,225.28775,1,227.52923583984372
2024-08-28,225.99295,1,225.99261474609372
2024-08-29,225.52612,1,229.28536987304688
2024-08-30,226.94685,1,228.49710083007807
2024-09-03,227.29749,1,222.28079223632807
2024-09-04,224.18034,1,220.3650054931641
2024-09-05,221.56938,1,221.8916473388672
2024-09-06,221.20615,1,220.33506774902344
2024-09-09,220.36575,1,220.4248809814453
2024-09-10,219.99902,1,219.62661743164065
2024-09-11,219.44357,1,222.1710357666016
2024-09-12,220.49628,1,222.28079223632807
2024-09-13,221.12398,1,222.0113677978516
2024-09-16,221.24228,1,215.84495544433597
2024-09-17,218.06616,1,216.31390380859372
2024-09-18,216.67256,1,220.20535278320312
2024-09-19,218.16545,1,228.3673858642578
2024-09-20,223.23618,1,227.6988525390625
2024-09-23,225.40076,1,225.97265625
2024-09-24,225.3183,1,226.8706817626953
2024-09-25,225.61601,1,225.8728790283203
2024-09-26,225.26263,1,227.02035522460935
2024-09-27,225.66034,1,227.2897491455078
2024-09-30,226.02692,1,232.48831176757807
2024-10-01,228.87468,1,225.71322631835935
2024-10-02,226.81837,1,226.28196716308597
2024-10-03,225.89093,1,225.1744079589844
2024-10-04,224.96703,1,226.30194091796875
2024-10-07,225.13141,1,221.2031707763672
2024-10-08,222.63136,1,225.27420043945312
2024-10-09,223.44505,1,229.03591918945312
2024-10-10,225.95256,1,228.53700256347656
2024-10-11,226.93037,1,227.05029296875
2024-10-14,226.51482,1,230.79205322265625
2024-10-15,228.17642,1,233.33645629882807
2024-10-16,230.36552,1,231.27099609375
2024-10-17,230.3269,1,231.6401824951172
2024-10-18,230.37057,1,234.4839324951172
2024-10-21,231.86284,1,235.96067810058597
2024-10-22,233.38692,1,235.342041015625
2024-10-23,233.76369,1,230.25323486328125
2024-10-24,231.24956,1,230.06365966796875
2024-10-25,229.84392,1,230.9018096923828
2024-10-28,229.70575,1,232.88743591308597
2024-10-29,230.74019,1,233.15684509277344
2024-10-30,231.41554,1,229.59469604492188
2024-10-31,229.86382,1,225.4138946533203
2024-11-01,226.86955,1,222.4204864501953
2024-11-04,223.87708,1,221.5224456787109
2024-11-05,222.05226,1,222.95928955078125
2024-11-06,222.03352,1,222.23089599609372
2024-11-07,221.74965,1,226.98043823242188
2024-11-08,224.05707,1,226.7107391357422
2024-11-11,225.11435,1,223.98373413085935
2024-11-12,224.10767,1,223.98373413085935
2024-11-13,223.52893,1,224.8727569580078
2024-11-14,223.75261,1,227.9693603515625
2024-11-15,225.50214,1,224.7528839111328
2024-11-18,224.72363,1,227.7695770263672
2024-11-19,225.78004,1,228.0292816162109
2024-11-20,226.50311,1,228.7484893798828
2024-11-21,227.18343,1,228.2690277099609
2024-11-22,227.2432,1,229.61753845214844
2024-11-25,227.93114,1,232.6142425537109
2024-11-26,229.82669,1,234.8018341064453
2024-11-27,231.88495,1,234.67198181152344
2024-11-29,232.76276,1,237.06935119628903
2024-12-02,234.32652,1,239.3268585205078
2024-12-03,236.23859,1,242.3834991455078
2024-12-04,238.69633,1,242.74310302734372
2024-12-05,240.03036,1,242.7730712890625
2024-12-06,240.58887,1,242.5732879638672
2024-12-09,240.69946,1,246.47900390625
2024-12-10,242.72568,1,247.4978790283203
2024-12-11,244.28029,1,246.2192840576172
2024-12-12,244.30705,1,247.68768310546875
2024-12-13,244.98315,1,247.85748291015625
2024-12-16,245.41798,1,250.7642822265625
2024-12-17,247.08592,0,253.20159912109372
2024-12-18,249.15703,0,247.77757263183597
2024-12-19,247.3576,1,249.51565551757807
2024-12-20,247.20543,1,254.21051025390625
2024-12-23,249.62654,1,254.9896545410156
2024-12-24,251.27075,1,257.9164428710937
2024-12-26,253.45673,1,258.7355041503906
2024-12-27,254.89615,1,255.30929565429688
2024-12-30,253.76945,1,251.9230194091797
2024-12-31,251.39229,1,250.1449737548828
2025-01-02,249.34096,1,243.5821990966797
2025-01-03,245.082,0,243.0927276611328
2025-01-06,242.77019,-1,244.73092651367188
2025-01-07,242.67052,-1,241.94400024414065
2025-01-08,241.32309,-1,242.43344116210935
2025-01-10,240.88324,-1,236.58987426757807
2025-01-13,237.736,-1,234.1425628662109
2025-01-14,234.88722,0,233.02378845214844
2025-01-15,233.033,0,237.60874938964844
2025-01-16,234.60242,0,228.00930786132807
2025-01-17,230.56833,0,229.7274169921875
2025-01-21,229.28816,0,222.39547729492188
2025-01-22,225.07787,0,223.58416748046875
2025-01-23,223.60345,0,223.41436767578125
2025-01-24,223.0027,0,222.5353240966797
2025-01-27,222.3197,0,229.6075439453125
2025-01-28,225.65448,0,237.99832153320312
2025-01-29,231.71979,0,239.0971221923828
2025-01-30,235.19151,-1,237.3290557861328
2025-01-31,235.70541,-1,235.7408142089844
2025-02-03,234.95428,-1,227.75958251953125
2025-02-04,230.43556,-1,232.54432678222656
2025-02-05,230.63644,-1,232.21469116210935
2025-02-06,230.83861,-1,232.9638671875
2025-02-07,231.31467,-1,227.3800048828125
2025-02-10,228.66634,-1,227.6499938964844
2025-02-11,227.41875,-1,232.6199951171875
2025-02-12,229.49783,-1,236.8699951171875
2025-02-13,232.8211,-1,241.52999877929688
2025-02-14,236.7901,-1,244.6000061035156
2025-02-18,240.19885,-1,244.47000122070312
2025-02-19,241.6473,-1,244.8699951171875
2025-02-20,242.39915,-1,245.8300018310547
2025-02-21,243.19708,-1,245.5500030517578
2025-02-24,243.42477,-1,247.1000061035156
2025-02-25,244.29155,-1,247.0399932861328
2025-02-26,244.69527,-1,240.3600006103516
2025-02-27,241.4372,-1,237.3000030517578
2025-02-28,238.17828,-1,241.83999633789065
2025-03-03,239.03024,-1,238.02999877929688
2025-03-04,237.70265,-1,235.92999267578125
2025-03-05,235.8901,-1,235.7400054931641
2025-03-06,234.93925,0,235.3300018310547
2025-03-07,234.34496,0,239.07000732421875
2025-03-10,236.01375,0,227.47999572753903
2025-03-11,230.93604,-1,220.83999633789065
2025-03-12,224.79742,0,216.97999572753903
2025-03-13,219.94421,0,209.67999267578125
2025-03-14,214.0134,0,213.4900054931641
2025-03-17,213.22913,0,214.0
2025-03-18,213.43286,0,212.69000244140625
2025-03-19,212.89023,0,215.2400054931641
2025-03-20,213.91653,0,214.1000061035156
2025-03-21,213.87662,0,218.2700042724609
2025-03-24,215.95787,0,220.72999572753903
2025-03-25,218.30296,0,223.75
2025-03-26,220.94667,0,221.52999877929688
2025-03-27,221.01546,0,223.8500061035156
2025-03-28,222.0988,0,217.8999938964844
2025-03-31,219.57082,0,222.1300048828125
2025-04-01,220.40642,0,223.19000244140625
2025-04-02,221.53668,0,223.88999938964844
2025-04-03,222.42976,0,203.19000244140625
2025-04-04,212.05608,0,188.3800048828125
